-- ============================================================
-- BOOKSTORE SEED DATA - CRAWLED FROM TIKI
-- Generated: 2026-01-30T23:17:06.249555
-- ⚠️ FOR EDUCATIONAL PURPOSES ONLY
-- ============================================================

SET NAMES utf8mb4;
SET FOREIGN_KEY_CHECKS = 0;

-- Clear existing data (order matters due to FK constraints)
TRUNCATE TABLE `voucher_usage`;
TRUNCATE TABLE `vouchers`;
TRUNCATE TABLE `shipping_rates`;
TRUNCATE TABLE `shipping_carriers`;
TRUNCATE TABLE `inventory`;
TRUNCATE TABLE `book_variants`;
TRUNCATE TABLE `book_images`;
TRUNCATE TABLE `book_authors`;
TRUNCATE TABLE `books`;
TRUNCATE TABLE `authors`;
TRUNCATE TABLE `publishers`;
TRUNCATE TABLE `categories`;
TRUNCATE TABLE `users`;
TRUNCATE TABLE `admins`;
TRUNCATE TABLE `customer_tiers`;
TRUNCATE TABLE `provinces`;

-- Categories
INSERT INTO `categories` (`id`, `name`, `slug`, `parent_id`, `level`, `is_active`) VALUES (1, 'Sách', 'sach', NULL, 0, 1);
INSERT INTO `categories` (`id`, `name`, `slug`, `parent_id`, `level`, `is_active`) VALUES (2, 'Sách tiếng Việt', 'sach-tieng-viet', NULL, 0, 1);
INSERT INTO `categories` (`id`, `name`, `slug`, `parent_id`, `level`, `is_active`) VALUES (3, 'Tiểu Thuyết', 'tieu-thuyet', 1, 1, 1);
INSERT INTO `categories` (`id`, `name`, `slug`, `parent_id`, `level`, `is_active`) VALUES (4, 'Truyện Ngắn - Tản Văn', 'truyen-ngan-tan-van', 1, 1, 1);
INSERT INTO `categories` (`id`, `name`, `slug`, `parent_id`, `level`, `is_active`) VALUES (5, 'Sách Kinh Tế', 'sach-kinh-te', 1, 1, 1);
INSERT INTO `categories` (`id`, `name`, `slug`, `parent_id`, `level`, `is_active`) VALUES (6, 'Sách Kỹ Năng Sống', 'sach-ky-nang-song', 1, 1, 1);
INSERT INTO `categories` (`id`, `name`, `slug`, `parent_id`, `level`, `is_active`) VALUES (7, 'Sách Nuôi Dạy Con', 'sach-nuoi-day-con', 1, 1, 1);
INSERT INTO `categories` (`id`, `name`, `slug`, `parent_id`, `level`, `is_active`) VALUES (8, 'Sách Thiếu Nhi', 'sach-thieu-nhi', 1, 1, 1);
INSERT INTO `categories` (`id`, `name`, `slug`, `parent_id`, `level`, `is_active`) VALUES (9, 'Sách Học Ngoại Ngữ', 'sach-hoc-ngoai-ngu', 1, 1, 1);
INSERT INTO `categories` (`id`, `name`, `slug`, `parent_id`, `level`, `is_active`) VALUES (10, 'Sách Giáo Khoa', 'sach-giao-khoa', 1, 1, 1);
INSERT INTO `categories` (`id`, `name`, `slug`, `parent_id`, `level`, `is_active`) VALUES (11, 'Light Novel', 'light-novel', 1, 1, 1);
INSERT INTO `categories` (`id`, `name`, `slug`, `parent_id`, `level`, `is_active`) VALUES (12, 'Manga - Comic', 'manga-comic', 1, 1, 1);

-- Publishers
INSERT INTO `publishers` (`id`, `name`, `slug`) VALUES (1, 'Nhà Xuất Bản Hà Nội', 'nha-xuat-ban-ha-noi');
INSERT INTO `publishers` (`id`, `name`, `slug`) VALUES (2, 'Nhà Xuất Bản Phụ Nữ', 'nha-xuat-ban-phu-nu');
INSERT INTO `publishers` (`id`, `name`, `slug`) VALUES (3, 'Nhà Xuất Bản Phụ Nữ Việt Nam', 'nha-xuat-ban-phu-nu-viet-nam');
INSERT INTO `publishers` (`id`, `name`, `slug`) VALUES (4, '2025-11-24 00:00:00', '2025-11-24-000000');
INSERT INTO `publishers` (`id`, `name`, `slug`) VALUES (5, '2025-11-26 00:00:00', '2025-11-26-000000');
INSERT INTO `publishers` (`id`, `name`, `slug`) VALUES (6, '2023-12-21 14:00:00', '2023-12-21-140000');
INSERT INTO `publishers` (`id`, `name`, `slug`) VALUES (7, '2025-11-28 00:00:00', '2025-11-28-000000');
INSERT INTO `publishers` (`id`, `name`, `slug`) VALUES (8, '2025-08-02 00:00:00', '2025-08-02-000000');
INSERT INTO `publishers` (`id`, `name`, `slug`) VALUES (9, '2017-09-01 00:00:00', '2017-09-01-000000');
INSERT INTO `publishers` (`id`, `name`, `slug`) VALUES (10, 'Nhà Xuất Bản Chính Trị Quốc Gia Sự Thật', 'nha-xuat-ban-chinh-tri-quoc-gia-su-that');
INSERT INTO `publishers` (`id`, `name`, `slug`) VALUES (11, '2025-03-13 00:00:00', '2025-03-13-000000');
INSERT INTO `publishers` (`id`, `name`, `slug`) VALUES (12, '2024-12-06 14:16:31', '2024-12-06-141631');
INSERT INTO `publishers` (`id`, `name`, `slug`) VALUES (13, '2021-11-01 00:00:00', '2021-11-01-000000');
INSERT INTO `publishers` (`id`, `name`, `slug`) VALUES (14, '2023-02-23 00:00:00', '2023-02-23-000000');
INSERT INTO `publishers` (`id`, `name`, `slug`) VALUES (15, 'Nhà Xuất Bản Dân Trí', 'nha-xuat-ban-dan-tri');
INSERT INTO `publishers` (`id`, `name`, `slug`) VALUES (16, '2023-08-08 00:00:00', '2023-08-08-000000');

-- Authors
INSERT INTO `authors` (`id`, `name`, `slug`, `biography`) VALUES
(1, 'Phong Cửu', 'phong-cuu-1', NULL),
(2, 'Nguyễn Phan Quế Mai', 'nguyen-phan-que-mai-2', NULL),
(3, 'Jun Phạm (365 Band)', 'jun-pham-365-band-3', NULL),
(4, 'Mạc Ngôn', 'mac-ngon-4', NULL),
(5, 'Mã Bá Dung', 'ma-ba-dung-5', NULL),
(6, 'Nguyễn Nhật Ánh', 'nguyen-nhat-anh-6', NULL),
(7, 'Mặc Hương Đồng Khứu', 'mac-huong-dong-khuu-7', NULL),
(8, 'Carl Gustav Jung', 'carl-gustav-jung-8', NULL),
(9, 'Andrea Hirata', 'andrea-hirata-9', NULL),
(10, 'Han Kang', 'han-kang-10', NULL),
(11, 'Nguyễn Thị Bình', 'nguyen-thi-binh-11', NULL),
(12, 'Thomas schlesser', 'thomas-schlesser-12', NULL),
(13, 'Hector Malot', 'hector-malot-13', NULL),
(14, 'Mộc Hề Nương', 'moc-he-nuong-14', NULL),
(15, 'Lam', 'lam-15', NULL),
(16, 'Svetlana Alexievich', 'svetlana-alexievich-16', NULL);

-- Books
INSERT INTO `books` (`id`, `category_id`, `publisher_id`, `title`, `slug`, `isbn`, `publication_year`, `pages`, `dimensions`, `weight_grams`, `cover_type`, `language`, `description`, `base_price`, `avg_rating`, `review_count`, `sold_count`, `view_count`, `is_active`, `is_featured`) VALUES
(1, 3, 1, 'Sách Kẻ Thù Vừa Ngọt Vừa Bám Người (Tập 1)', 'sach-ke-thu-vua-ngot-vua-bam-nguoi-tap-1-1', '9787729088385', 2022, 360, '14,5x20,5 cm', 531, 'soft', 'Tiếng Việt', 'Những tưởng cuộc đời đã kết thúc sau vụ tai nạn, nhưng khi mở mắt, Thiệu Hiển phát hiện mình trở về năm 10 tuổi, thời điểm gia đình còn hạnh phúc và tương lai hãy còn rộng mở. Vào ngày sinh nhật, cậu bắt gặp một đứa trẻ mình đầy vết thương đang bị bắt nạt trong vườn hoa của nhà. Dựa vào ký ức kiếp trước, cậu nhận ra đó chính là Phó Bách Châu, kẻ thù không đội trời chung của mình khi trưởng thành. Thế nhưng lúc này Phó Bách Châu chỉ là một cậu bé gầy gò, dễ bị tổn thương, tưởng như chỉ cần chạm nhẹ cũng đủ khiến đứa trẻ ấy vụn vỡ. Với bản tính thấy chuyện bất bình ắt không làm ngơ, Thiệu Hiển đưa Phó Bách Châu - khi ấy còn mang họ Trần - về chăm sóc, định bụng nuôi dạy đàng hoàng để ngăn cậu nhóc trở thành đối thủ đáng gờm sau này. Nào ngờ "kẻ thù nhỏ" sau khi được giúp đỡ liền trở thành một đứa trẻ bám người. Cậu nhóc lúc nào cũng sợ hãi, mít ướt và chỉ muốn quấn lấy Thiệu Hiển. Từ đó, hành trình đầy ấm áp của đôi bạn thân bắt đầu: cùng học tập, cùng rèn luyện, cùng lớn lên. Thiệu Hiển trở thành ánh sáng duy nhất trong cuộc đời tăm tối của Phó Bách Châu. Quá khứ đằng sau lớp vỏ lạnh lùng, sắt đá của Phó Bách Châu lúc trưởng thành là gì? Liệu sự dịu dàng của Thiệu Hiển có đủ để thay đổi số phận của hai người? Mời các bạn độc giả cùng Daisy khám phá trong tập 1 “Kẻ thù vừa ngọt vừa bám người” nhé!Giá sản phẩm trên Tiki đã bao gồm thuế theo luật hiện hành. Bên cạnh đó, tuỳ vào loại sản phẩm, hình thức và địa chỉ giao hàng mà có thể phát sinh thêm chi phí khác như phí vận chuyển, phụ phí hàng cồng kềnh, thuế nhập khẩu (đối với đơn hàng giao từ nước ngoài có giá trị trên 1 triệu đồng).....', 116250, 0.0, 0, 20, 6628, 1, 0),
(2, 3, 2, 'Sách Đời Gió Bụi', 'sach-doi-gio-bui-2', '9785455353657', 2021, 500, '14x20.5cm', 592, 'soft', 'Tiếng Việt', 'Năm 1969, hai chị em Trang và Quỳnh, vì tuyệt vọng muốn giúp cha mẹ trả nợ, đã rời làng quê và trở thành gái quán bar ở Sài Gòn. Giữa khói lửa khốc liệt của chiến tranh, Trang bị cuốn vào mối tình mãnh liệt với Dan, một phi công trực thăng người Mỹ trẻ tuổi, quyến rũ. Nhiều thập kỷ sau, Dan trở lại Việt Nam cùng vợ là Linda, hy vọng tìm được cách chữa lành hội chứng chấn thương tâm lý PTSD và đối diện với những bí mật trong quá khứ. Cùng lúc đó, Phong – con của một người lính Mỹ da đen và một phụ nữ Việt Nam – nỗ lực tìm kiếm cha mẹ ruột và lối thoát khỏi cuộc sống cơ cực. Trong Đời gió bụi, có những người không còn cơ hội biết đến ngày mai, có những người mãi mắc kẹt trong quá khứ và cũng có những người phải chật vật mưu sinh trong hiện tại. Nhưng, bất chấp tất cả, họ vẫn không ngừng khát khao trở thành những con người tốt đẹp hơn, nỗ lực gây dựng tương lai tươi sáng hơn cho chính mình và những người thân yêu. Đan xen giữa quá khứ và hiện tại, bằng giọng văn cuốn hút, cảm động và giàu chất thơ, Đời gió bụi là câu chuyện về những bí mật bị che giấu, những tổn thương tưởng như không bao giờ có thể chữa lành, những nỗi đau tưởng như không bao giờ có thể xoa dịu; nhưng trên hết, đây là câu chuyện về sự dũng cảm và nghị lực sống, về lòng trắc ẩn và sự hòa giải, về sức mạnh của lòng tha thứ và tình yêu thương. “Thật hạnh phúc và biết ơn bởi sau hành trình chu du qua nhiều miền đất, Đời gió bụi được trở về với tiếng Việt và quê hương Việt Nam yêu dấu. Xin tri ân mọi sự giúp đỡ mà tôi đã nhận được và mỗi phút giây mà quý độc giả dành cho tiểu thuyết này. Được đọc và được thấu hiểu là hạnh phúc lớn lao của người cầm bút.”Giá sản phẩm trên Tiki đã bao gồm thuế theo luật hiện hành. Bên cạnh đó, tuỳ vào loại sản phẩm, hình thức và địa chỉ giao hàng mà có thể phát sinh thêm chi phí khác như phí vận chuyển, phụ phí hàng cồng kềnh, thuế nhập khẩu (đối với đơn hàng giao từ nước ngoài có giá trị trên 1 triệu đồng).....', 168000, 5.0, 3, 202, 4398, 1, 1),
(3, 3, 3, 'Sách Nếu Như Không Thể Nói Nếu Như & Có Ai Giữ Giùm Những Lãng Quên & Thức Dậy Anh Vẫn Là Mơ - Tái Bản 2025', 'sach-neu-nhu-khong-the-noi-neu-nhu-co-ai-giu-gium-nhung-lang-quen-thuc-day-anh-van-la-mo-tai-ban-2025-3', '9789453746181', 2019, 158, '12 x 20 cm', 627, 'soft', 'Tiếng Việt', 'Trong những ngày cuối năm 2025, Skybooks chính thức tái bản và đưa ba cuốn sách của tác giả Jun Phạm trở lại với bạn đọc trong diện mạo hoàn toàn mới! - NẾU NHƯ KHÔNG THỂ NÓI NẾU NHƯ: “Một vì sao chợt lóe sáng trên bức màn đêm đen tối tăm vĩnh cửu. Anh tự hỏi phải chăng là em vừa đi qua?” Có những năm tháng, ta cứ nghĩ mình đã quên một người.Cho đến khi một cơn gió lạ lướt qua, một bản nhạc cũ vang lên, hay ai đó vô tình nói một câu thân thuộc... tất cả lại ùa về nguyên vẹn như chưa từng buông tay. Ký ức, đôi khi chỉ cần một cái cớ rất nhỏ để hồi sinh. “Nếu như không thể nói nếu như” của tác giả Jun Phạm là cuốn truyện ngắn viết về những khoảnh khắc như thế - khi ký ức chạm khẽ vào tim, khiến ta vừa cảm thấy nhói đau vừa bất giác mỉm cười. Cuốn sách mở ra như những mảnh hồi ức của một mối tình đã qua, nhân vật chính - Quân, từng có một tình yêu rất đẹp với cô gái được anh thân thương gọi là Cỏ May. Tình yêu của cả hai ngọt ngào và hồn nhiên, tưởng như có thể đi cùng nhau đến hết cuộc đời, nhưng định mệnh lại sắp đặt một cuộc chia xa đột ngột và phũ phàng. Cỏ May rời bỏ thế gian, để lại Quân giữa khoảng trống chênh vênh, nơi nuối tiếc và sự dằn vặt cứ lớn dần theo từng nhịp thở… Điều làm nên sức nặng của cuốn sách không chỉ là câu chuyện tình buồn, mà còn là hành trình trưởng thành của một trái tim tổn thương. Khi sự mất mát quá lớn, con người buộc phải học cách bước tiếp: không phải để quên, mà để chấp nhận những vô thường của cuộc đời và thêm trân trọng những gì còn lại. Tựa sách “Nếu như không thể nói nếu như” cũng như là lời nhắc nhở dịu dàng: cuộc sống không có phím tua lại, không cho ta cơ hội viết lại điều đã qua. Ta chỉ có thể chấp nhận, nâng niu những gì mình từng có, và tiếp tục đi về phía trước với một trái tim đã thêm vị tha và dũng cảm. Bằng giọng văn tinh tế, Jun Phạm sẽ dẫn dắt người đọc bước qua miền ký ức đầy hoài niệm của tuổi trẻ và tình yêu, nơi mỗi trang sách là một khoảnh khắc lấp lánh nhập nhòa giữa có được và mất đi, giữa hy vọng và buông xuôi. Khi khép lại cuốn sách, chúc cho bạn sẽ có thêm chút nhẹ nhàng để thì thầm một lời tạm biệt cho những điều từng đẹp đẽ, nay chỉ thể giữ lại trong tim… *** - CÓ AI GIỮ GIÙM NHỮNG LÃNG QUÊN: Trong đời mỗi người, luôn có những khoảnh khắc ta ước có thể cất giữ thật sâu, để thời gian không chạm tới, để lòng người không lãng quên. Nhưng cuộc sống với dòng chảy mãnh liệt của nó, sẽ cuốn ta đi về phía trước. Những điều hôm nay tưởng chừng sẽ khắc ghi mãi mãi rồi đến một lúc nào đó lại chỉ còn là những mảnh ký ức mơ hồ, nhớ nhớ quên quên. “Có ai giữ giùm những lãng quên” của Jun Phạm giống như một chiếc hộp ký ức được gói ghém lại bằng tất cả sự nâng niu và trân trọng. Ở đó, tác giả gửi gắm những hồi ức - &#34;những điều quý báu mà không một loại đá quý nào có thể thay thế được&#34; mà anh sợ rằng đến một ngày, chính mình cũng chợt lãng quên giữa bộn bề cuộc sống. Trong từng trang viết, Jun Phạm nhẹ nhàng chạm vào nỗi niềm chung của chúng ta: sự lãng quên tất yếu trong guồng quay tất bật của cuộc đời. Giữa nỗi lo toan cơm áo gạo tiền, ta đôi khi lỡ quên một lời yêu thương, chậm một cái ôm, hay bỏ dở những lời hỏi han, cảm ơn và quan tâm khi cần thiết. Để rồi sau nhiều năm, khi bắt gặp một chiếc áo cũ, một ánh nhìn quen thuộc hay một mái đầu bạc phếch của người ta thương, ta mới giật mình nhận ra đã đánh rơi quá nhiều điều giản dị mà hạnh phúc - những điều đôi khi ta chẳng thể tìm lại lần thứ hai. Những mẩu chuyện đời thường được Jun Phạm kể bằng giọng văn mộc mạc, chân thành, đủ ấm áp để mỉm cười và cũng đủ sâu để khiến trái tim chùng xuống. Đọc cuốn sách, ta như được ngồi cạnh tác giả, nghe anh thủ thỉ về những điều đã qua, có chút day dứt nhưng vẫn chất chứa nhiều thông điệp tích cực giúp ta học cách nhìn nhận cuộc sống bằng sự dịu dàng và thấu hiểu hơn. &#34;Có ai giữ giùm những lãng quên&#34; - Câu hỏi ấy không chỉ là lời băn khoăn của riêng tác giả Jun Phạm mà còn là một lời tự vấn tha thiết trong mỗi người khi nhìn lại những gì đã mất và những gì vẫn còn. Cuốn sách không khơi gợi nỗi buồn, mà nhắc ta học cách ghi nhớ bằng sự biết ơn: nhớ để yêu thêm, để trân quý những điều nhỏ bé mỗi ngày, để quá khứ trở thành nguồn sức mạnh âm thầm nâng đỡ hiện tại. Bởi chỉ cần trái tim còn lưu giữ, thì chẳng điều gì thật sự mất đi. Những yêu thương đã cũ sẽ luôn ở đó, như lời hứa dịu dàng của ký ức, đồng hành cùng ta trên hành trình trân trọng những ngày của “hôm nay”. *** - THỨC DẬY ANH VẪN LÀ MƠ:“Thức dậy anh vẫn là mơ” gồm những truyện ngắn mang sắc màu huyền ảo, lãng mạn, đều xoay quanh những mối nhân duyên kỳ lạ giữa con người và những sự sống trong một thế giới rất khác. Ở đó, tình yêu không còn bị giới hạn bởi không gian hay thời gian, mà trở thành một mối duyên vừa dịu dàng, vừa dữ dội, vừa mộng mị đến ám ảnh. Ở đó, ranh giới giữa mơ và thực trở nên mờ nhòe và người đọc, đôi khi, cũng chẳng biết mình đang thức hay đang mơ cùng nhân vật. Với phong cách mang dấu ấn riêng - lãng mạn, sâu sắc và đầy sáng tạo trong cách kể chuyện, Jun Phạm không chỉ viết về ', 78750, 5.0, 6, 149, 7252, 1, 1),
(4, 3, 4, 'Sách Đàn Hương Hình', 'sach-dan-huong-hinh-4', '9781024823577', 2022, 504, '26 x 18 cm', 328, 'hard', 'Tiếng Việt', 'Đàn hương hình là cuốn tiểu thuyết dã sử được Mạc Ngôn viết trong suốt 5 năm, từ 1996 đến 2001. Tác phẩm được phát triển trên một vở hý kịch cùng tên gồm 9 cảnh vốn có từ thời cuối Thanh và đầu Trung Hoa Dân quốc. Tác phẩm có một kết cấu khá lạ với 3 phần: Đầu Phụng, Bụng Heo và Đuôi Beo. Mỗi chương của phần Đầu Phụng và Đuôi Beo đều dùng phương thức nhân vật tự thuật. Phần Bụng Heo, bề ngoài tưởng như từ một góc độ nào đó nhìn vào mà viết, thực ra là ghi lại phương thức truyền miệng trong dân gian và phương thức ca vịnh để thuật lại một thời kỳ lịch sử có tính truyền kỳ. Đàn hương hình là sân khấu của diễn viên chính Triệu Giáp – người tự nhận mình là trạng nguyên của nghề đao phủ. Trong cuộc đời của mình, Triệu Giáp thực hiện nhiều cuộc hành hình ngoạn mục: án Đai Diêm Vương cho tên Mọt dám lấy cắp khẩu súng săn của nhà vua; án lăng trì 500 mảnh cho Tiền Hùng Phi dám mưu sát Viên Thế Khải; án xử trảm cho sáu quan triều đình tạo phản; án Đàn hương hình cho Tôn Bính dám chống lại người Đức… Mỗi án phạt mà Triệu Giáp thực hiện, đối với lão, là một màn trình diễn nghệ thuật không hơn không kém: từ lúc chuẩn bị đạo cụ cho đến lúc biểu diễn trên sân khấu. Các hình phạt vì vậy, là những kiệt tác nghệ thuật sinh động. Tài năng của Triệu Giáp được thăng hoa trong nghề nghiệp tàn khốc đó.Giá sản phẩm trên Tiki đã bao gồm thuế theo luật hiện hành. Bên cạnh đó, tuỳ vào loại sản phẩm, hình thức và địa chỉ giao hàng mà có thể phát sinh thêm chi phí khác như phí vận chuyển, phụ phí hàng cồng kềnh, thuế nhập khẩu (đối với đơn hàng giao từ nước ngoài có giá trị trên 1 triệu đồng).....', 174000, 4.6, 8, 116, 6131, 1, 1),
(5, 3, 4, 'Sách Báu Vật Của Đời', 'sach-bau-vat-cua-doi-5', '9787006451002', 2020, 776, '26 x 18 cm', 517, 'hard', 'Tiếng Việt', 'Báu vật của đời là cuốn tiểu thuyết đồ sộ, bao quát cả một thời kỳ lịch sử dài với vô vàn những số phận con người vùng đất Cao Mật - Đại La trong những biến cố. Nổi bật trong tác phẩm là cuộc đời người phụ nữ nông thôn Trung Quốc - Thượng Quan Lỗ Thị và gia đình Thượng Quan. Bao thế lực chính trị đến rồi lại đi, vinh quang rồi tàn lụi, đem đến cho vùng đất Cao Mật biết bao biến đổi, Lỗ Thị và gia đình Thượng Quan cũng chịu ảnh hưởng của những lần thay ngôi đổi chúa ấy, mỗi như vậy là mỗi lần nhân dân chứng kiến cảnh li loạn, cảnh chạy giặc, cảnh tang tóc... Lỗ Thị đã bao lần phải mất con mất cháu trong những đợt biến loạn ấy. Các thế lực cầm quyền đem đến cho Lỗ Thị biết bao tai hoạ, biết bao mất mát, đau khổ, thế nhưng bà vẫn dang rộng đôi tay và tấm lòng nhân ái của mình che chở, bao bọc cho con cháu. Lỗ Thị là một bà mẹ đau thương mà vĩ đại, suốt đời hy sinh vì con cháu, một con người luôn mang trong mình tinh thần phản kháng mạnh mẽ, một người phụ nữ tuyệt đẹp với phẩm giá đáng tự hào. Thượng Quan Lỗ Thị chính là hiện thân cho hình ảnh đất nước Trung Hoa rộng lớn trên con đường phát triển với bao thăng trầm, đau thương nhưng không gì quật ngã.Giá sản phẩm trên Tiki đã bao gồm thuế theo luật hiện hành. Bên cạnh đó, tuỳ vào loại sản phẩm, hình thức và địa chỉ giao hàng mà có thể phát sinh thêm chi phí khác như phí vận chuyển, phụ phí hàng cồng kềnh, thuế nhập khẩu (đối với đơn hàng giao từ nước ngoài có giá trị trên 1 triệu đồng).....', 261000, 5.0, 12, 192, 5844, 1, 1),
(6, 3, 5, 'Sách Lũng Tây Nổi Gió', 'sach-lung-tay-noi-gio-6', '9786360611609', 2024, 536, '15,7x24cm', 267, 'soft', 'Tiếng Việt', 'ÂM MƯU và PHẢN CÔNG HIỂM NGUY và TRỐN CHẠY NGHI KỊ và GIẾT HẠI Cuộc chiến sinh tử khốc liệt trên chiến trường tình báo thời Tam Quốc đã nổ ra, giữa hai nước Thục Hán và Tào Ngụy. Trong cuộc chinh phạt phương Bắc của Gia Cát Lượng, một gián điệp tinh anh và xảo quyệt đã thành công thâm nhập vào cơ quan đầu não của nhà Thục Hán. Nhận được mật báo của gián điệp nằm vùng lâu năm tại nước đối địch, tòng sự của ti Tĩnh An âm thầm giăng ra chiếc bẫy vô cùng tinh vi nhằm bắt sống quân át chủ bài này, đẩy lùi âm mưu thôn tính của địch. Những tình tiết chỉ có trong lịch sử chưa từng bị tiết lộ được phóng tác bởi nhà văn tài tình Mã Bá Dung và trở thành một trong những tuyệt tác nổi tiếng nhất.Giá sản phẩm trên Tiki đã bao gồm thuế theo luật hiện hành. Bên cạnh đó, tuỳ vào loại sản phẩm, hình thức và địa chỉ giao hàng mà có thể phát sinh thêm chi phí khác như phí vận chuyển, phụ phí hàng cồng kềnh, thuế nhập khẩu (đối với đơn hàng giao từ nước ngoài có giá trị trên 1 triệu đồng).....', 186750, 5.0, 8, 76, 612, 1, 1),
(7, 3, 6, 'Sách Nguyễn Nhật Ánh - Cô Bé Hàng Xóm Và Bốn Viên Kẹo - Tặng Kèm Random 1 Trong 4 Mẫu Bookmark + Sticker', 'sach-nguyen-nhat-anh-co-be-hang-xom-va-bon-vien-keo-tang-kem-random-1-trong-4-mau-bookmark-sticker-7', '9782139427791', 2021, 336, '20 x 13 x 1.2 cm', 254, 'soft', 'Tiếng Việt', 'Cô Bé Hàng Xóm Và Bốn Viên Kẹo “Cô bé hàng xóm và bốn viên kẹo” là những trang viết trong trẻo về tuổi thơ, tình bạn, tình thân, và lòng tốt giản dị. Có hai điểm đặc biệt trong tác phẩm này, thứ nhất là nhà văn Nguyễn Nhật Ánh chọn một bối cảnh khác cho câu chuyện, thay vì vùng thôn quê miền Trung thường xuất hiện trong các tác phẩm của ông; và điều đặc biệt thứ hai là một vài nhân vật trong một tác phẩm đã ra mắt trước đó sẽ lại xuất hiện, tạo nên sự kết nối thú vị giữa những tác phẩm Nguyễn Nhật Ánh. Dù bạn sinh ra ở đâu và ở độ tuổi nào, chắc hẳn khi đọc cuốn sách này, bạn sẽ mỉm cười trước những đoạn đối thoại đậm “chất Nguyễn Nhật Ánh”, và thấy lòng m.ình mềm lại trước những hành động tốt đẹp giữa người với người dù trong hoàn cảnh khó khăn. Điều đáng quý nhất ở trẻ thơ chính là tấm lòng tốt đơn thuần, và càng đáng quý hơn khi lớn lên, ta vẫn giữ được sự thuần lương đó. Giá sản phẩm trên Tiki đã bao gồm thuế theo luật hiện hành. Bên cạnh đó, tuỳ vào loại sản phẩm, hình thức và địa chỉ giao hàng mà có thể phát sinh thêm chi phí khác như phí vận chuyển, phụ phí hàng cồng kềnh, thuế nhập khẩu (đối với đơn hàng giao từ nước ngoài có giá trị trên 1 triệu đồng).....', 95400, 4.7, 15, 234, 1726, 1, 1),
(8, 3, 7, 'Sách Cô Bé Hàng Xóm Và Bốn Viên Kẹo (Nguyễn Nhật Ánh) - 2 phiên bản & quà tặng kèm', 'sach-co-be-hang-xom-va-bon-vien-keo-nguyen-nhat-anh-2-phien-ban-qua-tang-kem-8', '9786599035375', 2023, 240, '13 x 20 cm', 319, 'soft', 'Tiếng Việt', 'Quà tặng kèm mỗi cuốn sách (phiên bản bìa cứng): 1 bookmark hình que kem(mẫu ngẫu nhiên), 1 miếng sticker dán (gồm 6 hình nhỏ bên trong), 1 sổ vẽ Quà tặng kèm mỗi cuốn sách (phiên bản bìa mềm): 1 bookmark hình que kem(mẫu ngẫu nhiên), 1 miếng sticker dán (gồm 6 hình nhỏ bên trong) “Cô bé hàng xóm và bốn viên kẹo” là những trang viết trong trẻo về tuổi thơ, tình bạn, tình thân, và lòng tốt giản dị. Có hai điểm đặc biệt trong tác phẩm này, thứ nhất là nhà văn Nguyễn Nhật Ánh chọn một bối cảnh khác cho câu chuyện, thay vì vùng thôn quê miền Trung thường xuất hiện trong các tác phẩm của ông; và điều đặc biệt thứ hai là một vài nhân vật trong một tác phẩm đã ra mắt trước đó sẽ lại xuất hiện, tạo nên sự kết nối thú vị giữa những tác phẩm Nguyễn Nhật Ánh. Dù bạn sinh ra ở đâu và ở độ tuổi nào, chắc hẳn khi đọc cuốn sách này, bạn sẽ mỉm cười trước những đoạn đối thoại đậm “chất Nguyễn Nhật Ánh”, và thấy lòng mình mềm lại trước những hành động tốt đẹp giữa người với người dù trong hoàn cảnh khó khăn. Điều đáng quý nhất ở trẻ thơ chính là tấm lòng tốt đơn thuần, và càng đáng quý hơn khi lớn lên, ta vẫn giữ được sự thuần lương đó.Giá sản phẩm trên Tiki đã bao gồm thuế theo luật hiện hành. Bên cạnh đó, tuỳ vào loại sản phẩm, hình thức và địa chỉ giao hàng mà có thể phát sinh thêm chi phí khác như phí vận chuyển, phụ phí hàng cồng kềnh, thuế nhập khẩu (đối với đơn hàng giao từ nước ngoài có giá trị trên 1 triệu đồng).....', 86000, 5.0, 37, 617, 1785, 1, 1),
(9, 3, 1, 'Sách Ma Đạo Tổ Sư - Tái Bản 2025', 'sach-ma-dao-to-su-tai-ban-2025-9', '9789439113776', 2021, 296, '14x20.5 cm', 595, 'soft', 'Tiếng Việt', 'Kiếp trước, Ma Đạo Tổ Sư Ngụy Vô Tiện vang danh khắp giới tu chân, nắm trong tay sáo quỷ Trần Tình kinh khiếp tứ phương, nào ngờ cuối cùng chịu cảnh vạn lời thóa mạ, danh tiếng xấu xa, bách gia tu tiên hợp sức hòng tiêu diệt. Mười ba năm sau, sống lại dưới thân phận khác, trải qua bao việc, hắn mới dần nhận ra chuyện đời trước vốn dĩ là một âm mưu lớn. Xé toạc sương mù, hắn tìm ra kẻ thủ ác đằng sau. Dốc chén rượu nồng, hắn thấu tỏ tình cảm lặng thầm người xưa chôn giấu. Và cũng hiểu rõ được lòng mình…Giá sản phẩm trên Tiki đã bao gồm thuế theo luật hiện hành. Bên cạnh đó, tuỳ vào loại sản phẩm, hình thức và địa chỉ giao hàng mà có thể phát sinh thêm chi phí khác như phí vận chuyển, phụ phí hàng cồng kềnh, thuế nhập khẩu (đối với đơn hàng giao từ nước ngoài có giá trị trên 1 triệu đồng).....', 126300, 0.0, 0, 32, 2519, 1, 0),
(10, 3, 8, 'Sách Hồi Ức, Giấc Mơ, Suy Ngẫm - Hành Trình Vào Nội Tâm Của Carl Jung – Nơi Ký Ức, Giấc Mơ Và Triết Lý Giao Thoa', 'sach-hoi-uc-giac-mo-suy-ngam-hanh-trinh-vao-noi-tam-cua-carl-jung-noi-ky-uc-giac-mo-va-triet-ly-giao-thoa-10', '9781285722269', 2018, 528, '16×24 cm', 527, 'soft', 'Tiếng Việt', 'Giới thiệu cuốn sách “Hồi Ức, Giấc Mơ, Suy Ngẫm” (Memories, Dreams, Reflections) là cuốn hồi ký đặc biệt của Carl Gustav Jung – nhà tâm lý học vĩ đại và nhà sáng lập của trường phái phân tâm học sâu. Không viết theo lối tự truyện thông thường, Jung lựa chọn cách kể lại cuộc đời mình qua lăng kính nội tâm: những ký ức sống động, giấc mơ bí ẩn và trải nghiệm tinh thần phong phú, đưa người đọc bước vào hành trình khám phá bản thân sâu sắc và đầy chất triết lý. Phần lớn nội dung được ghi lại bởi cộng sự thân thiết Aniela Jaffé, sau đó được chính Jung chỉnh sửa và biên tập, như một hình thức đối thoại cuối đời với thế hệ mai sau. Nội dung cuốn sách Một hành trình tự khám phá từ bên trongCarl Jung không kể lại cuộc đời mình theo trật tự thời gian khô khan, mà dẫn người đọc đi sâu vào thế giới nội tâm phong phú và đầy tầng sâu – nơi những ký ức tuổi thơ, giấc mơ, suy tưởng triết học và trải nghiệm siêu hình đan xen tạo thành một cuộc hành trình khám phá chính mình. “Tôi chỉ có thể hiểu được bản thân nhờ những diễn biến nội tâm. Chính những điều này đã tạo nên sự kỳ lạ của cuộc đời tôi...” – Carl Jung Kho tàng tư tưởng từ trải nghiệm sốngKhái niệm “cá nhân hóa” (individuation): hành trình hòa hợp giữa cái tôi ý thức và phần vô thức – cốt lõi tư tưởng của Jung về sự phát triển tâm lý lành mạnh.Lý thuyết “vô thức tập thể” và các “nguyên mẫu” (archetypes): những hình ảnh biểu tượng được tích lũy qua hàng ngàn năm tiến hóa văn hóa của nhân loại – nền tảng để hiểu giấc mơ, thần thoại, tôn giáo.Vai trò của giấc mơ: giấc mơ không chỉ là phản chiếu tâm lý mà là thông điệp từ linh hồn, chỉ dẫn cho quá trình chữa lành và sống thật với chính mình.Chiêm nghiệm về tôn giáo, sự sống, cái chết: không chỉ là nhà khoa học, Jung còn thể hiện vai trò như một nhà thần học hiện đại, với những câu hỏi và suy tư vượt khỏi giới hạn học thuật. Cấu trúc và hành trình nội dungCuốn sách có sự đan xen giữa trật tự thời gian và chiều sâu nội tâm: Thời thơ ấu: nơi những cảm xúc dị biệt, giấc mơ kỳ lạ bắt đầu nhen nhóm cho tư duy tâm linh sau này.Thời trẻ &amp; học hành: hành trình trở thành bác sĩ và nhà tâm lý học.Giai đoạn làm việc với Freud: từ đồng hành đến chia tay vì mâu thuẫn tư tưởng – một bước ngoặt lớn trong đời Jung.Thời kỳ khủng hoảng sau chia tay Freud: Jung rút lui khỏi thế giới bên ngoài để đối diện chính mình, khám phá giấc mơ và biểu tượng – giai đoạn sản sinh nhiều tư tưởng lớn nhất.Chương cuối: như những bài thiền văn – Jung chiêm nghiệm về sự sống, cái chết, cái thiêng liêng – lời chia tay nhẹ nhàng mà sâu lắng của một tâm hồn từng trải. Đối tượng độc giả“Hồi Ức, Giấc Mơ, Suy Ngẫm” là cuốn sách dành cho: Người đang trong hành trình khám phá và chữa lành nội tâm, tìm kiếm định hướng giữa khủng hoảng tinh thầnSinh viên, học giả và chuyên gia tâm lý học, muốn hiểu tận gốc tư tưởng của Carl JungNgười yêu triết học, biểu tượng, tôn giáo và nghệ thuật, tìm kiếm chiều sâu trong những giấc mơ và trải nghiệm siêu hìnhNhững ai muốn hiểu bản thân và con người một cách toàn diện, vượt khỏi lý trí thông thường Trích dẫn nổi bật“Tôi không viết để kể một câu chuyện đời người, mà để kể lại hành trình tâm linh.” “Chính bóng tối bên trong, nếu được đối diện, sẽ dẫn chúng ta đến sự trọn vẹn.” ️ Về tác giảCarl Gustav Jung (1875 – 1961) là nhà tâm lý học người Thụy Sĩ, người sáng lập trường phái phân tâm học sâu (Analytical Psychology). Các khái niệm nổi bật như: vô thức tập thể, nguyên mẫu, cá nhân hóa, tính cách hướng nội – hướng ngoại đã góp phần định hình tâm lý học hiện đại, đồng thời ảnh hưởng sâu rộng đến nghệ thuật, triết học, tôn giáo và văn hóa đại chúng.Ông là người tiên phong trong việc kết nối giữa tâm lý học và tâm linh, giữa khoa học và biểu tượng – một tư tưởng vượt thời đại.Giá sản phẩm trên Tiki đã bao gồm thuế theo luật hiện hành. Bên cạnh đó, tuỳ vào loại sản phẩm, hình thức và địa chỉ giao hàng mà có thể phát sinh thêm chi phí khác như phí vận chuyển, phụ phí hàng cồng kềnh, thuế nhập khẩu (đối với đơn hàng giao từ nước ngoài có giá trị trên 1 triệu đồng).....', 217000, 5.0, 58, 1196, 4520, 1, 1);
INSERT INTO `books` (`id`, `category_id`, `publisher_id`, `title`, `slug`, `isbn`, `publication_year`, `pages`, `dimensions`, `weight_grams`, `cover_type`, `language`, `description`, `base_price`, `avg_rating`, `review_count`, `sold_count`, `view_count`, `is_active`, `is_featured`) VALUES
(11, 3, 9, 'Sách Chiến Binh Cầu Vồng (Tái Bản)', 'sach-chien-binh-cau-vong-tai-ban-11', '9788666677998', 2022, 500, '14 x 20.5 cm', 543, 'soft', 'Tiếng Việt', 'Chiến Binh Cầu Vồng. “Có những nơi trên thế gian này, nơi thời gian lặng yên, nơi cuộc sống chỉ được đo bằng những ước mơ ta dám ấp ủ.” Cuốn sách xoay quanh nhóm học sinh nghèo của trường tiểu học Muhammadiyah ở đảo Belitong, Indonesia, nơi chỉ có một phòng học ọp ẹp, mái dột và ít hơn một cây phấn để viết bảng. Dưới sự dẫn dắt của thầy Harfan và cô Mus, những đứa trẻ này như Ikal, Lintang, Mahar… đã không sợ đối mặt với đói nghèo, định kiến xã hội, và cơn cám dỗ của việc làm thuê để đến trường. Mạch truyện đặt ra những câu hỏi cháy bỏng mà không có lời giải sẵn: Liệu một ngôi trường thiếu thốn có thể nuôi dưỡng ước mơ lớn cho trẻ em không? Có phải chỉ cần “con chữ” là có thể thay đổi vận mệnh một đời người? Khi hệ thống giáo dục công nghiệp dần làm phai mờ tình yêu học tập, thì sức mạnh nào để giữ gìn ánh sáng tri thức? “Thầy Harfan và cô Mus nghèo khổ đã mang đến cho tôi tuổi thơ đẹp nhất, tình bạn đẹp nhất, và tâm hồn phong phú, một thứ gì đó vô giá, thậm chí còn có giá trị hơn những khao khát mơ ước. Có thể tôi lầm, nhưng theo ý tôi, đây thật sự là hơi thở của giáo dục và linh hồn của một chốn được gọi là trường học.”- (Trích tác phẩm) Điều Gì Chờ Đón Người Đọc? Một câu chuyện tuổi thơ đầy màu sắc: từ những buổi học đầu tiên, vượt qua đầm lầy cá sấu, đến những ngày lo sợ ngôi trường sụp đổ. Cảm xúc hỗn độn: từ tiếng cười trẻ thơ đến giọt nước mắt khi hiện thực khắc nghiệt tràn qua từng trang sách. Hình ảnh nhóm “chiến binh” nhỏ bé chiến đấu bằng sự đoàn kết, lòng tin và ý chí vượt khó. Chủ đề sâu sắc về giáo dục thực sự: học không phải để giàu sang, mà là ca tụng nhân bản và mở rộng thế giới cho con người nhỏ bé. Vài Nét Về Tác Giả &amp; Phong Cách: Andrea Hirata là tác giả người Indonesia nổi tiếng toàn cầu với The Rainbow Troops, dựa trên chính tuổi thơ nghèo khó trên đảo Belitong. Văn phong của ông lắng sâu, chân thật, như tiếng thì thầm của trẻ thơ mang niềm tin vào tương lai, khiến độc giả không thể rời mắt khỏi từng trang sách Cuốn sách này dành cho... Những ai yêu thích câu chuyện đời thực, đầy cảm xúc về giáo dục và ý chí con người. Người đang muốn tìm lại tình yêu học tập, để vượt qua giới hạn bản thân. Ai lưu luyến những ký ức tuổi thơ giản dị, giàu hình ảnh và giàu giá trị nhân văn. Độc giả cần nguồn cảm hứng để tin rằng: tri thức và ước mơ vẫn tỏa sáng giữa khó khăn. Chiến Binh Cầu Vồng đã bán hơn 5 triệu bản chính thức, trở thành tác phẩm truyền cảm hứng mạnh mẽ về giáo dục tại Indonesia. Nếu bạn đang tìm một cuốn sách để nhớ rằng bản lĩnh con người đến từ ước mơ và ý chí không từ bỏ, “Chiến Binh Cầu Vồng” chính là lựa chọn không thể bỏ qua. Hãy cùng nhóm “Rainbow Troops” dấn thân, đứng dậy và tin vào ánh sáng dù chỉ là một tia cầu vồng sau cơn mưa.Giá sản phẩm trên Tiki đã bao gồm thuế theo luật hiện hành. Bên cạnh đó, tuỳ vào loại sản phẩm, hình thức và địa chỉ giao hàng mà có thể phát sinh thêm chi phí khác như phí vận chuyển, phụ phí hàng cồng kềnh, thuế nhập khẩu (đối với đơn hàng giao từ nước ngoài có giá trị trên 1 triệu đồng).....', 97200, 4.6, 402, 428, 2644, 1, 1),
(12, 3, 1, 'Sách Người Ăn Chay', 'sach-nguoi-an-chay-12', '9787443850876', 2018, 364, '14 x 20.5 cm', 579, 'soft', 'Tiếng Việt', 'Người Ăn Chay. "Trên đời này có ai hiểu được phụ nữ muốn gì ư?". Câu chuyện bắt đầu với Yeong‑hye, một phụ nữ nội trợ tại Seoul, bình thường đến mức không ai chú ý. Một đêm, bị ám ảnh bởi giấc mơ đầy máu và bạo lực, cô tuyên bố sẽ không ăn thịt nữa. Quyết định nhỏ ban đầu khiến gia đình cô rung chuyển: chồng, bố mẹ, và cả chị gái In‑hye đều bị cuốn vào một biến cố không thể lường trước. Cuốn sách gồm ba màn độc lập, từ góc nhìn chồng, anh rể rồi đến chị gái, nhưng Yeong‑hye là tâm điểm xuyên suốt, người từ chối tất cả để hướng tới sự giải thoát nội tại. • Liệu việc từ bỏ một phần thân thể có thể trở thành phản kháng mạnh mẽ nhất?• Phụ nữ khao khát sự tự do, nhưng khi họ im lặng, người khác có hiểu được?• Quyền lực gia trưởng không chỉ định hình bên ngoài mà còn bóp nghẹt bản thể người khác từ bên trong. Yeong‑hye chọn im lặng, đó có phải bản lĩnh lớn hơn tất cả?• Và khi một người chọn sống như cây, chỉ quang hợp và tưới nước, liệu đó là sự tự do hay sự từ bỏ cuối cùng? Điều Gì Chờ Đón Người Đọc? • Một tác phẩm văn học xuất sắc, kết hợp đẹp giữa châm biếm xã hội và sự suy tư sâu sắc.• Ba cấu trúc tự sự, mỗi người kể một lát cắt khác nhau, nhưng xoay quanh một sự kiện: tuyên bố ăn chay. Cách kể vừa mạch lạc, vừa tạo dư âm mạnh. • Văn phong Han Kang vừa nhẹ nhàng vừa ám ảnh: từng câu văn như khắc từng vết thương, từng hình ảnh như phản chiếu nỗi đau thầm kín. • Cuốn sách không chỉ kể câu chuyện về ăn chay, mà trừng phạt sự im lặng và đặt câu hỏi về nhân tính: ai đang làm đau ai, và ai đang cần được lắng nghe? Vài Nét Về Tác Giả &amp; Phong Cách: Han Kang (sinh 1970, Đại học Yonsei) là tác giả Hàn Quốc từng đoạt Giải Nobel Văn học 2024 nhờ lối viết trữ tình, sâu sắc. Ngoài Người Ăn Chay, các tác phẩm nổi bật của cô còn có: Trắng, Bản chất của con người.... Suốt sự nghiệp viết văn gần ba mươi năm, với 3 tập truyện ngắn, 6 tiểu thuyết và 1 tập thơ, Han Kang đã giành được nhiều giải thưởng văn học danh giá cả trong và ngoài nước, trở thành một trong những nhà văn quan trọng nhất của văn học Hàn Quốc hiện đại. Trong đó nổi bật nhất là giải Man Booker International năm 2016 dành cho tác phẩm Người ăn chay. Sách dành cho các độc giả… • Muốn khám phá một câu chuyện về phụ nữ, quyền lực và sự từ chối nội tại.• Thích tiểu thuyết nơi mọi nhân vật đều có thể là “nhân chứng” nhưng Yeong‑hye là trọng tâm duy nhất. Giải thưởng &amp; Nổi bật • Người Ăn Chay giành Man Booker International Prize 2016, đưa Han Kang trở thành cái tên văn học Hàn đầu tiên nhận giải. • Trở thành tác phẩm tiêu biểu cho văn học nữ quyền và văn học Hàn Quốc hiện đại tại nhiều quốc gia. Yeong‑hye không chỉ từ bỏ thịt, cô từ bỏ tiếng nói để lắng nghe cơ thể mình. Cuốn sách là lời thì thầm lột tả sự tổn thương, sự quay lưng của gia đình. Đọc Người Ăn Chay, không chỉ để hiểu cô, mà để nghe sự im lặng từng khiến con người điên dại.Giá sản phẩm trên Tiki đã bao gồm thuế theo luật hiện hành. Bên cạnh đó, tuỳ vào loại sản phẩm, hình thức và địa chỉ giao hàng mà có thể phát sinh thêm chi phí khác như phí vận chuyển, phụ phí hàng cồng kềnh, thuế nhập khẩu (đối với đơn hàng giao từ nước ngoài có giá trị trên 1 triệu đồng).....', 105000, 4.6, 18, 401, 8423, 1, 1),
(13, 3, 1, 'Sách Thiên Quan Tứ Phúc', 'sach-thien-quan-tu-phuc-13', '9782825178284', 2023, 456, '14.5 x 20.5 cm', 737, 'soft', 'Tiếng Việt', 'Chuyến đi vào Đồng Lô vẫn đang tiếp tục. Lần này nhóm của bọn họ có thêm những gương mặt mới, không chỉ có thần quan mà còn cả ma quỷ. Trên hành trình ấy bọn họ bắt gặp những bức bích họa ẩn giấu dưới lớp vỏ đen sì trong thần điện Ô Dung hoang phế, nghe thấy giọng nói vừa bí ẩn vừa quen thuộc vang lên giữa ngọn núi quái dị và nhìn thấy những bức tượng được điêu khắc tinh xảo trong hang Vạn Thần. Những bức tranh này có ý nghĩa gì? Phải chăng đó là một lời cảnh báo dành riêng cho Tạ Liên? Giọng nói ấy là của ai? Liệu Tạ Liên có từng quen biết? Và, trong hang Vạn Thần là tượng của vị thần nào? Đôi nét tác giảNghề nghiệp: Tiểu thuyết gia của mạng văn học Tấn Giang."Gặp được người, chỉ ba chữ này thôi đã là một trong những chuyện lãng mạn nhất thế giới.”Các tác phẩm đã xuất bản tại Việt Nam: Ma đạo tổ sư, Hệ thống tự cứu của nhân vật phản diện, Thiên Quan Tứ Phúc.Giá sản phẩm trên Tiki đã bao gồm thuế theo luật hiện hành. Bên cạnh đó, tuỳ vào loại sản phẩm, hình thức và địa chỉ giao hàng mà có thể phát sinh thêm chi phí khác như phí vận chuyển, phụ phí hàng cồng kềnh, thuế nhập khẩu (đối với đơn hàng giao từ nước ngoài có giá trị trên 1 triệu đồng).....', 123600, 4.8, 22, 242, 6329, 1, 1),
(14, 3, 10, 'Sách Hồi Ký Nguyễn Thị Bình - Gia Đình, Bạn Bè và Đất Nước', 'sach-hoi-ky-nguyen-thi-binh-gia-dinh-ban-be-va-dat-nuoc-14', '9781974278724', 2019, 268, '20x18 cm', 443, 'soft', 'Tiếng Việt', 'Đây là cuốn hồi ký của bà Nguyễn Thị Bình, nguyên Phó Chủ tịch nước, nữ Bộ trưởng Ngoại giao đầu tiên, Trưởng đoàn đàm phán của Chính phủ Cách mạng Lâm thời Cộng hòa miền Nam Việt Nam tại Hòa đàm Paris. Cuốn sách tái hiện cuộc đời của bà, một nhân chứng sống đã tham gia, chứng kiến những chuyển biến thăng trầm của lịch sử, từ thời thơ ấu cho đến khi tham gia hoạt động cách mạng, những dấu mốc quan trọng trong cuộc đấu tranh giành độc lập dân tộc và cả khi đã nghỉ hưu.Giá sản phẩm trên Tiki đã bao gồm thuế theo luật hiện hành. Bên cạnh đó, tuỳ vào loại sản phẩm, hình thức và địa chỉ giao hàng mà có thể phát sinh thêm chi phí khác như phí vận chuyển, phụ phí hàng cồng kềnh, thuế nhập khẩu (đối với đơn hàng giao từ nước ngoài có giá trị trên 1 triệu đồng).....', 147000, 5.0, 72, 1074, 3181, 1, 1),
(15, 3, 11, 'Sách Đôi mắt của Mona', 'sach-doi-mat-cua-mona-15', '9782199454303', 2019, 450, '15.5 x 24 x 3 cm', 344, 'soft', 'Tiếng Việt', 'Đôi mắt của Mona. “Người ta có thể nhìn thấy thế giới khác đi, chỉ bằng cách nhìn lâu hơn vào một bức tranh…” Trong mùa hè cuối cùng khi còn có thể nhìn thấy ánh sáng, cô bé Mona,được ông nội , một người yêu nghệ thuật sâu sắc, trao tặng món quà đặc biệt: mỗi tuần một bức tranh, trong suốt 52 tuần. Những bức tranh ấy không đơn thuần để ngắm nhìn. Đó là những cánh cửa mở ra một thế giới đầy màu sắc, cảm xúc, câu hỏi và triết lý sống. Là hành trang cuối cùng ông muốn chuẩn bị cho Mona trước khi đôi mắt cô bé mãi mãi khép lại vì căn bệnh. Thông qua những kiệt tác của Van Gogh, Monet, Hopper hay Klimt, ông giúp cháu gái mình không chỉ học cách chiêm ngưỡng cái đẹp, mà còn học cách chấp nhận đau thương, mất mát và tìm được ánh sáng trong tâm hồn. Liệu nghệ thuật có thể trở thành đôi mắt mới, giúp Mona nhìn thấu ý nghĩa của đời sống, ngay cả khi không còn thấy được ánh sáng? Điều Gì Chờ Đón Người Đọc: Một câu chuyện thấm đẫm nhân văn, dịu dàng mà sâu lắng như ánh nắng cuối chiều. Cuộc hành trình giáo dục thẩm mỹ đầy cảm xúc, nơi bạn sẽ được chiêm ngưỡng lại các kiệt tác nghệ thuật qua lăng kính trong veo của một đứa trẻ. Những cuộc trò chuyện giữa Mona và ông, đôi khi hài hước, đôi khi nghẹn ngào, khơi gợi nhiều suy tư về sự sống, sự mất mát và di sản tinh thần. Một cuốn sách sẽ khiến bạn yêu thêm nghệ thuật, yêu thêm cuộc đời, và có thể... yêu lại chính mình. Vài Nét Về Tác Giả &amp; Phong Cách Thomas Schlesser là nhà sử học nghệ thuật, giám đốc Quỹ Hartung-Bergman, đồng thời là người truyền cảm hứng về nghệ thuật qua giảng dạy và viết sách. Với lối viết kết hợp giữa kiến thức chuyên sâu và cảm xúc chân thành, ông khiến nghệ thuật trở nên gần gũi, sống động và đầy tính chữa lành. “Đôi Mắt Của Mona” không phải một cuốn tiểu thuyết đơn thuần, mà là một bản hòa ca giữa nghệ thuật và triết lý sống. Cuốn sách này dành tặng... Những tâm hồn yêu nghệ thuật và tìm thấy sự an ủi trong cái đẹp. Các bậc phụ huynh muốn chia sẻ một góc nhìn dịu dàng và ý nghĩa về sự sống với con trẻ. Những ai đang trải qua mất mát, cần một cuốn sách để chữa lành và đồng hành. Người tìm kiếm tri thức và cảm xúc trong một cuốn sách mỏng nhưng sâu. Giải thưởng: Sách bán chạy tại Pháp ngay tuần đầu phát hành. Được các hiệu sách Pháp bình chọn là “Hiện tượng xuất bản nghệ thuật dành cho mọi thế hệ”. Bản quyền đã được mua để chuyển ngữ tại nhiều quốc gia, trong đó có Việt Nam. Hãy để Mona dắt bạn bước vào những khung tranh, nơi màu sắc, ánh sáng và ký ức hòa quyện thành triết lý sống.“Đôi Mắt Của Mona” là cuốn sách bạn không chỉ đọc, mà sẽ còn cảm nhận và chiêm nghiệm. Nhận xét của các chuyên gia, tác giả, báo chí (Nguồn: Editorial Reviews trên Amazon – Mona’s Eyes): “Tác phẩm đầu tay đầy màu sắc của nhà sử học nghệ thuật Schlesser bằng tiếng Anh là một chuyến hành trình khám phá nghệ thuật phương Tây cổ điển, được lồng ghép với câu chuyện của một người ông Paris chăm sóc cô cháu gái 10 tuổi sau khi cô bé bất ngờ bị mù tạm thời... Schlesser lồng ghép mượt mà các bài học nghệ thuật với câu chuyện của Mona, kết thúc bằng lời giải thích nguyên nhân khiến cô bé bị mất thị lực. Những ai yêu thích Thế giới của Sophie sẽ mê cuốn này.”Publishers Weekly “Một cơn địa chấn. Một sự rung chuyển trong thế giới xuất bản. Một phiên bản Thế giới của Sophie trong thế giới nghệ thuật. Thomas Schlesser. Hãy nhớ cái tên này.”Alice Develey, Le Figaro “Một bản ngợi ca cái đẹp và sự khôn ngoan.”Le Parisien “Đôi mắt của Mona không chỉ là tiểu thuyết nhập môn về nghệ thuật, mà còn là câu chuyện mang tính phổ quát.”La Croix “Cuốn tiểu thuyết hiện tượng khiến bạn chỉ muốn chạy ngay đến bảo tàng... Còn hay hơn Emily in Paris.”Télerama “Tuyệt vời!”France Inter “Thomas Schlesser là nhà vô địch thế giới trong việc phổ biến tri thức. Một cuốn sách xuất sắc.”Télématin “Một cuốn sách dịu dàng và cuốn hút đến mê mẩn.”La grande librairie “Một câu chuyện tuyệt đẹp và đầy cảm động.”Courrier Picard “Kể câu chuyện về một cô bé lần đầu tiên tiếp xúc với vẻ đẹp và cuộc sống, Đôi mắt của Mona đã khơi dậy sự hào hứng đặc biệt.”RTL “Tác phẩm đầu tay cực kỳ được săn đón này giống như thể một nhà sử học nghệ thuật lừng danh viết nên phiên bản Ánh sáng vô hình... Nó đầy đam mê, lôi cuốn và thực sự nắm bắt được sự tươi mới và kỳ diệu của việc khám phá nghệ thuật, thế giới và sự trưởng thành qua đôi mắt trẻ thơ.”Miriam Gordis, Hiệu sách Albertine, New York, NY. Giá sản phẩm trên Tiki đã bao gồm thuế theo luật hiện hành. Bên cạnh đó, tuỳ vào loại sản phẩm, hình thức và địa chỉ giao hàng mà có thể phát sinh thêm chi phí khác như phí vận chuyển, phụ phí hàng cồng kềnh, thuế nhập khẩu (đối với đơn hàng giao từ nước ngoài có giá trị trên 1 triệu đồng).....', 236600, 4.7, 18, 387, 2835, 1, 1),
(16, 3, 12, 'Tiệm sách của nàng (Nguyễn Nhật Ánh)', 'tiem-sach-cua-nang-nguyen-nhat-anh-16', '9781353279094', 2021, 272, '14x24 cm', 378, 'soft', 'Tiếng Việt', 'Tiệm sách của nàng . Quà tặng kèm cho mỗi phiên bản sách: 1 bookmark dạng photostrip và 1 sổ tay "Tiệm sách của nàng" (màu ngẫu nhiên)Tiki sẽ giao ngẫu nghiên số lượng giới hạn sách có chữ ký tác giả. “Có những mối tình không bắt đầu bằng ánh mắt, mà từ… một tiệm sách nhỏ nằm khuất trong con hẻm bình yên.” Giữa thành phố tấp nập, có một tiệm sách nhỏ nép mình bên vỉa hè, nơi thời gian như chậm lại và những trang sách biết thì thầm. Ở đó, chàng trai, một độc giả trầm lặng, bị cuốn hút không chỉ bởi những tiểu thuyết cũ mà còn bởi ánh mắt dịu dàng của cô chủ tiệm. “Nàng” không rực rỡ, không ồn ào, nhưng mang một sức hút nhẹ như mùi giấy cũ thoảng gió. Họ có những cuộc trò chuyện vu vơ, những lần thả thuyền giấy trong mưa, những cảm xúc “một chút hân hoan, một chút dỗi hờn” chỉ hai người mới hiểu. Nhưng xuyên suốt gần 300 trang sách, lại là ký ức tuổi thơ đầy giông bão ở một làng quê miền Trung, nơi một cậu bé từng bị tổn thương sâu sắc bởi sự vô tâm và tàn nhẫn của người lớn. Quá khứ và hiện tại đan xen, tạo nên một câu chuyện tình vừa dịu dàng vừa ám ảnh.Bởi có những vết thương không lời nào xoa dịu được, chỉ sự tử tế và tình yêu thương bền bỉ mới có thể chữa lành. Và chính tại tiệm sách nhỏ ấy, niềm tin vào lòng tốt, vào tình yêu dịu dàng lại được nhen lên – lặng lẽ mà sâu sắc. Điều Gì Chờ Đón Người Đọc: Một bản tình ca nhẹ nhàng mà sâu lắng, khiến bạn mỉm cười và thổn thức. Những đoạn văn mang màu ký ức, gợi lại thời tuổi trẻ với những rung động đầu đời. Tiếng nói của những cuốn sách cũ, những mẩu chuyện nhỏ đời thường nhưng đầy cảm xúc. Không có kịch tính cao trào, nhưng lại day dứt, ám ảnh như một bản tình thư chưa gửi. Vài Nét Về Tác Giả &amp; Phong Cách Nguyễn Nhật Ánh, cái tên gắn liền với tuổi thơ của hàng triệu độc giả Việt Nam, một lần nữa mang đến câu chuyện chan chứa cảm xúc. Văn phong ông vẫn đậm chất mộc mạc, trong trẻo, đậm đà tình người và tình quê. Dù viết cho thiếu nhi hay người lớn, mỗi tác phẩm đều là một lời thủ thỉ ấm áp về cuộc sống, tình yêu và những điều nhỏ bé làm nên hạnh phúc. Xem thêm các tác phẩm nổi bật khác của tác giả Nguyễn Nhật Ánh ở đây. Cuốn sách này dành tặng... Những ai từng thầm thương trộm nhớ, từng nuôi một mối tình lặng lẽ. Người yêu sách, yêu sự tĩnh lặng của những tiệm sách xưa. Những độc giả trung thành của Nguyễn Nhật Ánh, sẽ thấy một “phiên bản trưởng thành” hơn nhưng vẫn nguyên vẹn chất thơ. Người trẻ đang loay hoay giữa phố thị, tìm kiếm một chốn dừng chân dịu dàng cho tâm hồn. Mỗi người đều có một tiệm sách cho riêng mình, nơi cất giữ những thương yêu chưa gọi thành tên.Hãy lật mở “Tiệm Sách Của Nàng” và để chính bạn trở thành nhân vật trong câu chuyện ấy.Giá sản phẩm trên Tiki đã bao gồm thuế theo luật hiện hành. Bên cạnh đó, tuỳ vào loại sản phẩm, hình thức và địa chỉ giao hàng mà có thể phát sinh thêm chi phí khác như phí vận chuyển, phụ phí hàng cồng kềnh, thuế nhập khẩu (đối với đơn hàng giao từ nước ngoài có giá trị trên 1 triệu đồng).....', 96000, 5.0, 104, 1486, 943, 1, 1),
(17, 3, 13, 'Sách Không Gia Đình (Tái Bản)', 'sach-khong-gia-dinh-tai-ban-17', '9782047316463', 2019, 612, '16 x 24 cm', 773, 'soft', 'Tiếng Việt', 'Không Gia Đình. Remi, một cậu bé bảy tuổi bị bán rẻ cho nghệ sĩ đường phố Vitalis, bắt đầu hành trình không gia đình của mình từ miền quê nước Pháp đến các thành thị và vùng đất xa lạ. Cậu lang thang với đoàn xiếc, rồi chữa lành tâm hồn cùng bác Acquin, để rồi cùng bạn bè Mattia tiếp tục tìm về nguồn cội. Cuộc đời Remi đặt ra những câu hỏi dai dẳng không lời giải:• Liệu một đứa trẻ không có gia đình ruột thịt có thể tìm thấy nơi gọi là nhà?• Sức mạnh của tình thương và ký ức có đủ để hun đúc một tâm hồn kiên cường?• Khi mọi thứ đổi thay, điều gì mới là ý nghĩa thực sự của “gia đình”? Điều Gì Chờ Đón Người Đọc? Một hành trình dài đầy cam go, nơi cậu bé Remi phải tự mình khám phá thế giới và con người. Những bài học về tự lập, nghị lực và sức mạnh của tình người trong thử thách. Sự đan xen kỳ diệu giữa ký ức cội nguồn, tình bạn, ân nghĩa và niềm tin bất diệt. Cuốn tiểu thuyết khiến bạn bật cười, nước mắt và rồi nở nụ cười cảm thông. Vài Nét Về Tác Giả &amp; Phong Cách Hector Malot là nhà văn Pháp sống trong thế kỷ XIX, nổi tiếng với các tiểu thuyết mang tính giáo dục và nhân văn sâu sắc. Uyên bác và giàu cảm xúc, ông từng viết hơn 70 tác phẩm, trong đó &#34;Không Gia Đình&#34; (Sans Famille, 1878) trở thành kiệt tác lưu dấu bao thế hệ trên toàn cầu. Cuốn sách này dành tặng... Trẻ em và người lớn tìm kiếm bài học về gia đình, tình người và ý chí vượt khó. Ai yêu thích văn học cổ điển châu Âu mang đậm tinh thần nhân văn. Độc giả muốn đọc chuyện tuổi thơ nhưng đồng thời khám phá chiều sâu tâm hồn. Những ai tin rằng gia đình không chỉ là huyết thống mà còn là thứ được xây dựng bằng yêu thương. Giải thưởng &amp; Chuyển thể Không Gia Đình giành giải thưởng của Viện Hàn lâm Văn học Pháp, trở thành tác phẩm kinh điển dành cho thiếu nhi khắp thế giới. Tác phẩm được chuyển thể nhiều lần lên truyền hình, điện ảnh, hoạt hình và truyện tranh, được độc giả đa thế hệ đón nhận. Hãy cùng Remi bước vào hành trình vượt thời gian và không gian, để hiểu rằng: gia đình đâu chỉ là máu mủ ruột thịt, mà là tình người, là trải nghiệm chung và là những người vẫn ở đó, khi ta cần. Một câu chuyện thật giản dị, nhưng sức lan tỏa có thể làm tan đá vững bền nhất trong trái tim.Giá sản phẩm trên Tiki đã bao gồm thuế theo luật hiện hành. Bên cạnh đó, tuỳ vào loại sản phẩm, hình thức và địa chỉ giao hàng mà có thể phát sinh thêm chi phí khác như phí vận chuyển, phụ phí hàng cồng kềnh, thuế nhập khẩu (đối với đơn hàng giao từ nước ngoài có giá trị trên 1 triệu đồng).....', 144000, 5.0, 174, 320, 5789, 1, 1),
(18, 3, 14, 'Sách Xông vào lối âm dương', 'sach-xong-vao-loi-am-duong-18', '9788417412691', 2018, 536, '14x20.5 cm', 326, 'soft', 'Tiếng Việt', 'Trần Dương, cậu thanh niên vừa ra trường phấn khởi cầm tờ công văn được cấp đi nhậm chức ở một phân cục nọ. Trong suy nghĩ của cậu, nơi này chỉ đơn thuần là một văn phòng của khu dân cư chuyên giải quyết những chuyện lông gà vỏ tỏi. Thế nhưng sao ngay nhiệm vụ đầu tiên đã dính phải những hiện tượng tâm linh kỳ lạ thế này? Cậu nên bỏ cuộc giữa chừng hay tiếp tục đây? Đôi nét tác giả Mộc Hề Nương là một cây bút bền bỉ của trang văn học mạng Tấn Giang, tác phẩm của cô rất đa dạng về đề tài đồng thời giành được sự yêu thích cực kỳ lớn của các độc giả… Tác phẩm tiêu biểu: Âm mưu Pheromone (tạm dịch), Thiên sư không xem bói (tạm dịch), Cấm nói chuyện phong nguyệt (tạm dịch)…Giá sản phẩm trên Tiki đã bao gồm thuế theo luật hiện hành. Bên cạnh đó, tuỳ vào loại sản phẩm, hình thức và địa chỉ giao hàng mà có thể phát sinh thêm chi phí khác như phí vận chuyển, phụ phí hàng cồng kềnh, thuế nhập khẩu (đối với đơn hàng giao từ nước ngoài có giá trị trên 1 triệu đồng).....', 132000, 5.0, 65, 223, 8387, 1, 1),
(19, 3, 15, 'Sách Trốn Lên Mái Nhà Để Khóc', 'sach-tron-len-mai-nha-de-khoc-19', '9782793238272', 2021, 208, '12x20 cm', 342, 'soft', 'Tiếng Việt', 'TRỐN LÊN MÁI NHÀ ĐỂ KHÓC Bản Đặc BIệt Tặng Kèm Sổ Thơ + Bookmark. “Đôi khi ta cần một mái nhà trong tim để khóc thật to, giữa bầu trời và ký ức không ai thấy.” Trốn Lên Mái Nhà Để Khóc là tập tản văn – thơ nhẹ nhàng của Lam, tác giả Gen Z nổi tiếng qua blog “Xanh Lam” với hơn 370 000 người theo dõi. Cuốn sách là cuộc đối thoại giữa Lam tuổi 20 và cô bé Lam 13, quay về ký ức tuổi thơ với ông bà, mẹ, chú chó và những vết thương khi mái ấm mất dần vẹn hình. Lam mượn hình ảnh “mái nhà” như một nơi trú ẩn cho cảm xúc khó gọi tên, nơi cô bé thu mình trong nỗi đau, nhưng vẫn ngước nhìn những ngôi sao, tin rằng “cơn bão rồi sẽ tạnh”. “Trốn lên mái nhà để khóc” là tập tản văn sâu lắng của Lam, chất chứa những mảnh ký ức tuổi thơ và tình cảm gia đình thân thuộc. Cuốn sách như một cuộn phim tua chậm, đưa người đọc trở về vùng trời bình yên năm cũ với hình ảnh bà, mẹ, đám bạn nhỏ, những chiều thả diều, tiếng gọi đầu ngõ và mùi cơm nếp. Nếu như tác phẩm đầu tay “Đi vòng thế giới vẫn quanh một người” là lời vỗ về những tâm hồn chênh vênh, thì ở tập này, Lam giúp bạn đủ can đảm để đối diện tổn thương, để hiểu rằng chính những ký ức tưởng đã quên ấy mới góp phần tạo nên con người ta hôm nay. Và cũng nhờ đó, những nỗi buồn bỗng trở nên dịu dàng, đáng quý. Mỗi câu chữ trong sách là một nhịp thơ, một nhịp tim, gợi lại ước mơ, tuổi thơ và cả những yêu thương tưởng chừng đã ngủ yên. “Có những đứa trẻ lớn lên từ nhà Có những đứa trẻ từ thương tổn nơi đó đi ra Nếu đứa trẻ nào cũng là một bông hoa Mình mong em có đủ nắng vàng Để chờ ngày bung nở.” Điều Gì Chờ Đón Người Đọc: Những mảnh ký ức bồi hồi, từng câu chữ nhẹ như thở, giúp bạn tìm lại người trẻ bên trong mình. Văn phong dịu dàng như “đang xoa dịu những vết thương tưởng chừng chẳng thể lành”. Câu chuyện về tình thân và ký ức, gợi nhắc những chiều phố xưa, hương cơm bà, tiếng chân mẹ … tất cả đều được khắc họa như “phim tua chậm” . Thông điệp: dù tuổi thơ không trọn vẹn, trái tim còn đủ nắng vàng để “bung nở” Vài Nét Về Tác Giả &amp; Phong Cách Lam là nữ thi sĩ trẻ, nổi bật với ngôn ngữ trữ tình, sâu lắng mà rất đời, thu hút đông bạn đọc trẻ. Cô viết từ ký ức, không dạy đời, chỉ nhẹ nhàng trò chuyện để “cũng đừng nhảy khỏi mái nhà của mình”. Cô cũng là tác giả cuốn: Thưa Ngoại Con Mới Về và Đi vòng thế giới vẫn quanh một người. Cuốn sách này dành tặng: Những người trẻ đang tìm lại mình qua ký ức tuổi thơ. Ai từng tổn thương nhưng vẫn ngước nhìn bầu trời hy vọng. Độc giả yêu thích văn học chữa lành, trùng điệp cảm xúc nhẹ nhàng. Bất kỳ ai muốn chạm đến sự bình yên qua từng đoạn văn mộc mạc. Trốn Lên Mái Nhà Để Khóc không chỉ là một cuốn sách, mà là một chốn dừng chân trong tâm hồn. Mỗi trang sách là khoảng lặng để bạn được khóc, được nhìn lại tuổi thơ, được chạm vào ánh sao đang sáng trong ký ức. Nếu bạn cần một “mái nhà trong tim” để bình yên, đây là cuốn sách đáng để bạn đặt tay lên bìa và lật trang đầu tiên.Giá sản phẩm trên Tiki đã bao gồm thuế theo luật hiện hành. Bên cạnh đó, tuỳ vào loại sản phẩm, hình thức và địa chỉ giao hàng mà có thể phát sinh thêm chi phí khác như phí vận chuyển, phụ phí hàng cồng kềnh, thuế nhập khẩu (đối với đơn hàng giao từ nước ngoài có giá trị trên 1 triệu đồng).....', 71250, 5.0, 143, 2638, 8880, 1, 1),
(20, 3, 16, 'Sách Chiến tranh không có một khuôn mặt phụ nữ (Tái bản)', 'sach-chien-tranh-khong-co-mot-khuon-mat-phu-nu-tai-ban-20', '9787110001807', 2022, 464, '14 x 20,5 cm', 343, 'soft', 'Tiếng Việt', 'Chiến tranh không có một khuôn mặt phụ nữ. “Cô không thể hình dung một tiếng cười của phụ nữ trong chiến tranh, là điều tuyệt biết bao nhiêu!" Chiến tranh không có một khuôn mặt phụ nữ không kể về những trận đánh hào hùng, mà ghi lại hàng trăm câu chuyện thầm lặng của những người phụ nữ Xô Viết từng cầm súng, từng cứu thương, từng nấu ăn ngay giữa lằn ranh sống chết. Họ là lính bắn tỉa, là bác sĩ, là thông tin viên, là mẹ, là con gái và là chứng nhân của một thời đạn lửa. Nhưng họ có được lắng nghe chưa? Họ có được ghi nhớ như những người anh hùng? Và sau chiến tranh, họ còn được sống đúng là phụ nữ nữa không? Điều Gì Chờ Đón Người Đọc: Một lịch sử được kể lại từ phía bên kia của chiến hào. Những câu chuyện đầy nước mắt và day dứt, nơi chiến tranh không chỉ giết chết con người mà còn bóp nghẹt ký ức. Một giọng văn trầm lặng, không tô vẽ, để người đọc tự bước vào vùng ký ức khốc liệt. Những đoạn kể gây ám ảnh, như thể bạn đang lắng nghe ai đó thì thầm bên tai bằng đôi mắt đỏ hoe. Vài Nét Về Tác Giả &amp; Phong Cách Svetlana Alexievich là nhà văn và nhà báo người Belarus, đoạt giải Nobel Văn học năm 2015 nhờ “những tác phẩm đa âm, ghi lại nỗi đau khổ và lòng can đảm phi thường của con người trong thời đại chúng ta”. Bà nổi tiếng với thể loại “tiểu thuyết bằng giọng nói”, nơi những lời kể thật trở thành chất liệu chính cho văn chương. Một số tác phẩm nổi bật của bà gồm: Những Nhân Chứng Cuối Cùng. Zinky Boys Những Cậu Bé Kẽm – Viết (Hay Kể) Toàn Bộ Sự Thật Về Chính Mình Là Bất Khả Cuốn sách này cho... Người muốn lắng nghe sự thật trần trụi từ những người phụ nữ từng đi qua chiến tranh. Ai tìm kiếm một góc nhìn nhân bản thay vì khô khan trong sử sách. Người đọc say mê dòng văn chương tư liệu sâu sắc và giàu cảm xúc. Những ai muốn hiểu chiến tranh từ phía những người không nổ súng nhưng vẫn chịu tổn thương như bất kỳ ai. Giải thưởng &amp; Chuyển thể Tác phẩm là một phần trong bộ “Những giọng nói không tưởng” Svetlana Alexievich giành giải Nobel Văn học 2015 cho toàn bộ sự nghiệp, trong đó cuốn sách này được đánh giá là dấu mốc quan trọng. "Chúng ta đã bị tước mất đi cả một thế giới. Lục địa riêng biệt của những người phụ nữ. Nhưng điều gì ngăn ta đi vào đó? Ghé vào và lắng nghe? Một mặt là một bức tường vô hình, bức tường chống đối của đàn ông, mà tôi thậm chí sẵn sàng cho là một âm mưu bí mật tính toán của đàn ông, mặt khác là sự thiếu vắng ham muốn và tò mò của chúng ta có thể giải thích là do không ai chờ đợi ở cuộc thám hiểm đó chút khám phá nào. Bởi vì đàn ông, như người ta vẫn nói, sinh ra là để tham gia chiến tranh và nói về chiến tranh. Chúng ta tưởng đã biết tất cả về chiến tranh.Nhưng tôi là người đã nghe những người phụ nữ nói – những phụ nữ thành phố và những người ở nông thôn, những phụ nữ bình thường và những nữ trí thức, những người cứu chữa thương binh và những người cầm một khẩu súng, tôi có thể khẳng định rằng tưởng thế là sai. Thậm chí một sai lầm lớn. Còn có một cuộc chiến tranh khác mà chúng ta không biết. (Svetlana Alexievich). “Cùng chúng tôi có một nữ điện báo viên. Cô vừa sinh dậy, đứa bé còn rất nhỏ, phải cho bú. Nhưng người mẹ không đủ ăn, thiếu sữa, và đứa bé khóc. Bọn SS ở rất gần… Với cả chó. Nếu chúng nghe được, thì chúng tôi chết hết. Cả đội. Ba chục người… Cô hiểu không?Chúng tôi có một quyết định…Không ai dám truyền đạt lệnh của người chỉ huy, nhưng tự người mẹ đoán ra. Cô nhận đứa bé địu trên người xuống nước và giữ hồi lâu… Đứa bé không còn rống lên nữa. Nó đã chết. Và chúng tôi không ai dám ngước mắt lên nữa. Về phía người mẹ, và về bất cứ người nào trong chúng tôi…” (trích đoạn tác phẩm) Nhận xét của các chuyên gia, tác giả, báo chí (Nguồn: Editorial Reviews trên Amazon – The Unwomanly Face of War): “Là một tượng đài của lòng dũng cảm... Sẽ rất khó để tìm thấy một cuốn sách nào mang tính quan trọng hoặc độc đáo hơn thế... Cuốn sách của Svetlana Alexievich về Thế chiến thứ hai qua con mắt của hàng trăm người phụ nữ là một điều phi thường... Thành tựu của bà khiến người đọc kinh ngạc, cũng như những trải nghiệm của các phụ nữ ấy đầy cảm hứng.” The Guardian “Lộng lẫy... Sau nhiều thập kỷ chiến tranh chỉ được ghi nhớ bởi ''những người đàn ông viết về những người đàn ông'', Alexievich muốn cất lên tiếng nói của một thế hệ phụ nữ già đang dần bị lãng quên — những người không chỉ bị coi nhẹ với tư cách là người kể chuyện, mà còn là cựu chiến binh, người mẹ, và thậm chí là người vợ tiềm năng... Alexievich không chỉ viết một cuốn sử khẩu truyền thống, mà là một cuộc khai quật văn chương về ký ức.” The New York Times Book Review “Không thể xuất hiện vào một thời điểm thích hợp hơn... Phụ nữ đã làm mọi thứ — cuốn sách này vừa nhắc nhớ vừa hé lộ điều đó. Họ học cách lái máy bay, thả bom, bắn tỉa từ khoảng cách xa... Alexievich đã biến những tiếng nói của họ thành một bản thánh ca của lịch sử.” The Boston Globe “Đau thương và xúc động... Alexievich đã làm một việc lớn lao khi phục dựng lại những câu chuyện này... The Unwomanly Face of War kể lại câu chuyện của những người phụ nữ bị lãng qu', 123000, 4.8, 101, 1172, 7483, 1, 1);

-- Book Authors
INSERT INTO `book_authors` (`book_id`, `author_id`, `is_primary`) VALUES
(1, 1, 1),
(2, 2, 1),
(3, 3, 1),
(4, 4, 1),
(5, 4, 1),
(6, 5, 1),
(7, 6, 1),
(8, 6, 1),
(9, 7, 1),
(10, 8, 1),
(11, 9, 1),
(12, 10, 1),
(13, 7, 1),
(14, 11, 1),
(15, 12, 1),
(16, 6, 1),
(17, 13, 1),
(18, 14, 1),
(19, 15, 1),
(20, 16, 1);

-- Book Images
INSERT INTO `book_images` (`book_id`, `image_url`, `alt_text`, `is_primary`, `sort_order`) VALUES
(1, 'https://salt.tikicdn.com/cache/280x280/ts/product/02/bb/c7/2f4d7e6c9803694adc40881d38fb5942.png', 'Sách Kẻ Thù Vừa Ngọt Vừa Bám Người (Tập 1) - Ảnh 1', 1, 0),
(1, 'https://salt.tikicdn.com/cache/w1200/ts/product/02/bb/c7/2f4d7e6c9803694adc40881d38fb5942.png', 'Sách Kẻ Thù Vừa Ngọt Vừa Bám Người (Tập 1) - Ảnh 2', 0, 1),
(1, 'https://salt.tikicdn.com/cache/w1200/ts/product/c7/6e/ff/cb9ce35bec335c8de10d63b3fdcc62dd.png', 'Sách Kẻ Thù Vừa Ngọt Vừa Bám Người (Tập 1) - Ảnh 3', 0, 2),
(2, 'https://salt.tikicdn.com/cache/280x280/ts/product/b1/cc/6c/ac23427ea10f159b8f580586ec9e00d8.jpg', 'Sách Đời Gió Bụi - Ảnh 1', 1, 0),
(2, 'https://salt.tikicdn.com/cache/w1200/ts/product/b1/cc/6c/ac23427ea10f159b8f580586ec9e00d8.jpg', 'Sách Đời Gió Bụi - Ảnh 2', 0, 1),
(2, 'https://salt.tikicdn.com/cache/w1200/ts/product/49/13/dd/0fd91b6683872e85d686ff21f5135c64.jpg', 'Sách Đời Gió Bụi - Ảnh 3', 0, 2),
(2, 'https://salt.tikicdn.com/cache/w1200/ts/product/43/3e/14/e88fcc3eb288be11dcb425a22e9ad7ea.jpg', 'Sách Đời Gió Bụi - Ảnh 4', 0, 3),
(3, 'https://salt.tikicdn.com/cache/280x280/ts/product/0e/48/42/7461470e8250a6a256af74cec0f876d7.jpg', 'Sách Nếu Như Không Thể Nói Nếu Như & Có Ai Giữ Giùm Những Lãng Quên & Thức Dậy Anh Vẫn Là Mơ - Tái Bản 2025 - Ảnh 1', 1, 0),
(3, 'https://salt.tikicdn.com/cache/w1200/ts/product/0e/48/42/7461470e8250a6a256af74cec0f876d7.jpg', 'Sách Nếu Như Không Thể Nói Nếu Như & Có Ai Giữ Giùm Những Lãng Quên & Thức Dậy Anh Vẫn Là Mơ - Tái Bản 2025 - Ảnh 2', 0, 1),
(3, 'https://salt.tikicdn.com/cache/w1200/ts/product/ac/41/d5/b846111ce7d6d758e64ee8bcc786180e.png', 'Sách Nếu Như Không Thể Nói Nếu Như & Có Ai Giữ Giùm Những Lãng Quên & Thức Dậy Anh Vẫn Là Mơ - Tái Bản 2025 - Ảnh 3', 0, 2),
(3, 'https://salt.tikicdn.com/cache/w1200/ts/product/49/b0/10/842ec78088adf29817e4b7fa0c5d7d1c.png', 'Sách Nếu Như Không Thể Nói Nếu Như & Có Ai Giữ Giùm Những Lãng Quên & Thức Dậy Anh Vẫn Là Mơ - Tái Bản 2025 - Ảnh 4', 0, 3),
(3, 'https://salt.tikicdn.com/cache/w1200/ts/product/ed/c5/d7/27f3052ae0bfc0c5c20befe0a72c6e07.png', 'Sách Nếu Như Không Thể Nói Nếu Như & Có Ai Giữ Giùm Những Lãng Quên & Thức Dậy Anh Vẫn Là Mơ - Tái Bản 2025 - Ảnh 5', 0, 4),
(4, 'https://salt.tikicdn.com/cache/280x280/ts/product/bc/73/e2/fb876045487c7574bb35583bab0136bb.jpg', 'Sách Đàn Hương Hình - Ảnh 1', 1, 0),
(4, 'https://salt.tikicdn.com/cache/w1200/ts/product/bc/73/e2/fb876045487c7574bb35583bab0136bb.jpg', 'Sách Đàn Hương Hình - Ảnh 2', 0, 1),
(4, 'https://salt.tikicdn.com/cache/w1200/ts/product/d2/6a/c1/875d7fc3209a6a757e5b8fee01554ce4.jpg', 'Sách Đàn Hương Hình - Ảnh 3', 0, 2),
(4, 'https://salt.tikicdn.com/cache/w1200/ts/product/ed/bc/7f/84acf5e883913e48b428ef075a98db22.jpg', 'Sách Đàn Hương Hình - Ảnh 4', 0, 3),
(4, 'https://salt.tikicdn.com/cache/w1200/ts/product/70/17/5e/e82500b100b9b772a1a4ab35265b6928.jpg', 'Sách Đàn Hương Hình - Ảnh 5', 0, 4),
(5, 'https://salt.tikicdn.com/cache/280x280/ts/product/05/0c/09/37695b6c5c3d7e93fbe62c39e9cf0c08.jpg', 'Sách Báu Vật Của Đời - Ảnh 1', 1, 0),
(5, 'https://salt.tikicdn.com/cache/w1200/ts/product/05/0c/09/37695b6c5c3d7e93fbe62c39e9cf0c08.jpg', 'Sách Báu Vật Của Đời - Ảnh 2', 0, 1),
(5, 'https://salt.tikicdn.com/cache/w1200/ts/product/31/31/66/7a1896eb418cd941baa78c04777226de.jpg', 'Sách Báu Vật Của Đời - Ảnh 3', 0, 2),
(5, 'https://salt.tikicdn.com/cache/w1200/ts/product/7e/9a/2f/0cdcab1fc63c74ddbd8c7c7371a79ae3.jpg', 'Sách Báu Vật Của Đời - Ảnh 4', 0, 3),
(5, 'https://salt.tikicdn.com/cache/w1200/ts/product/e5/99/95/211fdaed01d17ae01e7aef8136b22958.jpg', 'Sách Báu Vật Của Đời - Ảnh 5', 0, 4),
(6, 'https://salt.tikicdn.com/cache/280x280/ts/product/49/5d/a7/f4d2b17d18322cc2a672a354dfc7cd65.png', 'Sách Lũng Tây Nổi Gió - Ảnh 1', 1, 0),
(6, 'https://salt.tikicdn.com/cache/w1200/ts/product/49/5d/a7/f4d2b17d18322cc2a672a354dfc7cd65.png', 'Sách Lũng Tây Nổi Gió - Ảnh 2', 0, 1),
(6, 'https://salt.tikicdn.com/cache/w1200/ts/product/a2/ff/83/03baa72c7b0849acc70f25d1b8bed553.png', 'Sách Lũng Tây Nổi Gió - Ảnh 3', 0, 2),
(6, 'https://salt.tikicdn.com/cache/w1200/ts/product/ce/1c/78/646e4abf67e5c3f75332e61d59bc37aa.png', 'Sách Lũng Tây Nổi Gió - Ảnh 4', 0, 3),
(6, 'https://salt.tikicdn.com/cache/w1200/ts/product/a9/14/3f/f69e4c8f14638408984ba2a0dd77284f.png', 'Sách Lũng Tây Nổi Gió - Ảnh 5', 0, 4),
(7, 'https://salt.tikicdn.com/cache/280x280/ts/product/37/3f/5d/bfc5f35c7a35601eecac0c26b3bb30ab.jpg', 'Sách Nguyễn Nhật Ánh - Cô Bé Hàng Xóm Và Bốn Viên Kẹo - Tặng Kèm Random 1 Trong 4 Mẫu Bookmark + Sticker - Ảnh 1', 1, 0),
(7, 'https://salt.tikicdn.com/cache/w1200/ts/product/37/3f/5d/bfc5f35c7a35601eecac0c26b3bb30ab.jpg', 'Sách Nguyễn Nhật Ánh - Cô Bé Hàng Xóm Và Bốn Viên Kẹo - Tặng Kèm Random 1 Trong 4 Mẫu Bookmark + Sticker - Ảnh 2', 0, 1),
(7, 'https://salt.tikicdn.com/cache/w1200/ts/product/21/c2/eb/731e74aca2bfc70daf4d46f001bb5f10.jpg', 'Sách Nguyễn Nhật Ánh - Cô Bé Hàng Xóm Và Bốn Viên Kẹo - Tặng Kèm Random 1 Trong 4 Mẫu Bookmark + Sticker - Ảnh 3', 0, 2);
INSERT INTO `book_images` (`book_id`, `image_url`, `alt_text`, `is_primary`, `sort_order`) VALUES
(7, 'https://salt.tikicdn.com/cache/w1200/ts/product/77/8e/87/6672463157aaced10f0385dbbe0ae714.png', 'Sách Nguyễn Nhật Ánh - Cô Bé Hàng Xóm Và Bốn Viên Kẹo - Tặng Kèm Random 1 Trong 4 Mẫu Bookmark + Sticker - Ảnh 4', 0, 3),
(7, 'https://salt.tikicdn.com/cache/w1200/ts/product/6e/a8/a3/85f7c2b9e506c0c6599f664081312fb7.jpg', 'Sách Nguyễn Nhật Ánh - Cô Bé Hàng Xóm Và Bốn Viên Kẹo - Tặng Kèm Random 1 Trong 4 Mẫu Bookmark + Sticker - Ảnh 5', 0, 4),
(8, 'https://salt.tikicdn.com/cache/280x280/ts/product/8d/dd/76/399dd35734df5ea5998df57e6fb3553b.png', 'Sách Cô Bé Hàng Xóm Và Bốn Viên Kẹo (Nguyễn Nhật Ánh) - 2 phiên bản & quà tặng kèm - Ảnh 1', 1, 0),
(8, 'https://salt.tikicdn.com/cache/w1200/ts/product/8d/dd/76/399dd35734df5ea5998df57e6fb3553b.png', 'Sách Cô Bé Hàng Xóm Và Bốn Viên Kẹo (Nguyễn Nhật Ánh) - 2 phiên bản & quà tặng kèm - Ảnh 2', 0, 1),
(8, 'https://salt.tikicdn.com/cache/w1200/ts/product/4c/28/31/81edc18e41056ad6fd676f144e6e6ea1.jpg', 'Sách Cô Bé Hàng Xóm Và Bốn Viên Kẹo (Nguyễn Nhật Ánh) - 2 phiên bản & quà tặng kèm - Ảnh 3', 0, 2),
(8, 'https://salt.tikicdn.com/cache/w1200/ts/product/a9/bf/90/a9c173b67c1a6acafc091cca068c296f.jpg', 'Sách Cô Bé Hàng Xóm Và Bốn Viên Kẹo (Nguyễn Nhật Ánh) - 2 phiên bản & quà tặng kèm - Ảnh 4', 0, 3),
(8, 'https://salt.tikicdn.com/cache/w1200/ts/product/a5/e3/b4/1d7f7aa4c9b88c069d808ac3777515ec.jpg', 'Sách Cô Bé Hàng Xóm Và Bốn Viên Kẹo (Nguyễn Nhật Ánh) - 2 phiên bản & quà tặng kèm - Ảnh 5', 0, 4),
(9, 'https://salt.tikicdn.com/cache/280x280/ts/product/ce/69/06/a73a4b3a21acac63da7b73b7b4f2bde4.jpg', 'Sách Ma Đạo Tổ Sư - Tái Bản 2025 - Ảnh 1', 1, 0),
(9, 'https://salt.tikicdn.com/cache/w1200/ts/product/ce/69/06/a73a4b3a21acac63da7b73b7b4f2bde4.jpg', 'Sách Ma Đạo Tổ Sư - Tái Bản 2025 - Ảnh 2', 0, 1),
(9, 'https://salt.tikicdn.com/cache/w1200/ts/product/31/0b/02/b7ff934a32baee5e49af54a52f5687a3.jpg', 'Sách Ma Đạo Tổ Sư - Tái Bản 2025 - Ảnh 3', 0, 2),
(9, 'https://salt.tikicdn.com/cache/w1200/ts/product/73/82/cb/cb1c7e3038cd53020127644c9f3bf833.jpg', 'Sách Ma Đạo Tổ Sư - Tái Bản 2025 - Ảnh 4', 0, 3),
(10, 'https://salt.tikicdn.com/cache/280x280/ts/product/f3/52/e9/0924672f5a3326ed1d31c2b6eb39fbe0.png', 'Sách Hồi Ức, Giấc Mơ, Suy Ngẫm - Hành Trình Vào Nội Tâm Của Carl Jung – Nơi Ký Ức, Giấc Mơ Và Triết Lý Giao Thoa - Ảnh 1', 1, 0),
(10, 'https://salt.tikicdn.com/cache/w1200/ts/product/f3/52/e9/0924672f5a3326ed1d31c2b6eb39fbe0.png', 'Sách Hồi Ức, Giấc Mơ, Suy Ngẫm - Hành Trình Vào Nội Tâm Của Carl Jung – Nơi Ký Ức, Giấc Mơ Và Triết Lý Giao Thoa - Ảnh 2', 0, 1),
(10, 'https://salt.tikicdn.com/cache/w1200/ts/product/41/0c/7b/044d775a3b29918d4bd5533d66a4933f.png', 'Sách Hồi Ức, Giấc Mơ, Suy Ngẫm - Hành Trình Vào Nội Tâm Của Carl Jung – Nơi Ký Ức, Giấc Mơ Và Triết Lý Giao Thoa - Ảnh 3', 0, 2),
(10, 'https://salt.tikicdn.com/cache/w1200/ts/product/ee/71/2c/afce99ab0c093e924ed388574ca3c527.png', 'Sách Hồi Ức, Giấc Mơ, Suy Ngẫm - Hành Trình Vào Nội Tâm Của Carl Jung – Nơi Ký Ức, Giấc Mơ Và Triết Lý Giao Thoa - Ảnh 4', 0, 3),
(11, 'https://salt.tikicdn.com/cache/280x280/ts/product/70/63/3d/c57040b46e074d49d9e2af573ecefd4e.jpg', 'Sách Chiến Binh Cầu Vồng (Tái Bản) - Ảnh 1', 1, 0),
(11, 'https://salt.tikicdn.com/cache/w1200/ts/product/70/63/3d/c57040b46e074d49d9e2af573ecefd4e.jpg', 'Sách Chiến Binh Cầu Vồng (Tái Bản) - Ảnh 2', 0, 1),
(12, 'https://salt.tikicdn.com/cache/280x280/ts/product/c2/70/32/99e77437eec46c061f07b04ac7fdc567.jpg', 'Sách Người Ăn Chay - Ảnh 1', 1, 0),
(12, 'https://salt.tikicdn.com/cache/w1200/ts/product/c2/70/32/99e77437eec46c061f07b04ac7fdc567.jpg', 'Sách Người Ăn Chay - Ảnh 2', 0, 1),
(12, 'https://salt.tikicdn.com/cache/w1200/ts/product/86/37/9d/10b4d570325e43ee14de2492b6c96372.png', 'Sách Người Ăn Chay - Ảnh 3', 0, 2),
(12, 'https://salt.tikicdn.com/cache/w1200/ts/product/3a/1a/45/13b88c85c89e6358b1ca76042eabfbbd.jpg', 'Sách Người Ăn Chay - Ảnh 4', 0, 3),
(13, 'https://salt.tikicdn.com/cache/280x280/ts/product/fb/7b/7c/302acd05b84476751ccbcbdd378088ae.jpg', 'Sách Thiên Quan Tứ Phúc - Ảnh 1', 1, 0),
(13, 'https://salt.tikicdn.com/cache/w1200/ts/product/fb/7b/7c/302acd05b84476751ccbcbdd378088ae.jpg', 'Sách Thiên Quan Tứ Phúc - Ảnh 2', 0, 1),
(14, 'https://salt.tikicdn.com/cache/280x280/ts/product/59/92/a4/4c31ce3a1455db2bc0e47d74742d2571.png', 'Sách Hồi Ký Nguyễn Thị Bình - Gia Đình, Bạn Bè và Đất Nước - Ảnh 1', 1, 0),
(14, 'https://salt.tikicdn.com/cache/w1200/ts/product/59/92/a4/4c31ce3a1455db2bc0e47d74742d2571.png', 'Sách Hồi Ký Nguyễn Thị Bình - Gia Đình, Bạn Bè và Đất Nước - Ảnh 2', 0, 1),
(15, 'https://salt.tikicdn.com/cache/280x280/ts/product/7b/84/1b/65f06182a27e9bf21cf46b8f131deb1a.jpg', 'Sách Đôi mắt của Mona - Ảnh 1', 1, 0),
(15, 'https://salt.tikicdn.com/cache/w1200/ts/product/7b/84/1b/65f06182a27e9bf21cf46b8f131deb1a.jpg', 'Sách Đôi mắt của Mona - Ảnh 2', 0, 1),
(15, 'https://salt.tikicdn.com/cache/w1200/ts/product/a5/be/6b/66654ee5ff766c2f39a197d45abc6224.jpg', 'Sách Đôi mắt của Mona - Ảnh 3', 0, 2),
(16, 'https://salt.tikicdn.com/cache/280x280/ts/product/46/05/ce/05e54d4b786ed8ea78e80fefff1f60a8.jpg', 'Tiệm sách của nàng (Nguyễn Nhật Ánh) - Ảnh 1', 1, 0),
(16, 'https://salt.tikicdn.com/cache/w1200/ts/product/46/05/ce/05e54d4b786ed8ea78e80fefff1f60a8.jpg', 'Tiệm sách của nàng (Nguyễn Nhật Ánh) - Ảnh 2', 0, 1);
INSERT INTO `book_images` (`book_id`, `image_url`, `alt_text`, `is_primary`, `sort_order`) VALUES
(16, 'https://salt.tikicdn.com/cache/w1200/ts/product/f9/56/a0/9d3be2869a0b7d39996119046a9f629b.jpg', 'Tiệm sách của nàng (Nguyễn Nhật Ánh) - Ảnh 3', 0, 2),
(17, 'https://salt.tikicdn.com/cache/280x280/ts/product/9f/f0/31/b72b4989a76010b9c48accee42a373d4.jpg', 'Sách Không Gia Đình (Tái Bản) - Ảnh 1', 1, 0),
(17, 'https://salt.tikicdn.com/cache/w1200/ts/product/9f/f0/31/b72b4989a76010b9c48accee42a373d4.jpg', 'Sách Không Gia Đình (Tái Bản) - Ảnh 2', 0, 1),
(17, 'https://salt.tikicdn.com/cache/w1200/ts/product/e0/b0/ae/7989a272521a11cc9935cba8b506dca3.jpg', 'Sách Không Gia Đình (Tái Bản) - Ảnh 3', 0, 2),
(17, 'https://salt.tikicdn.com/cache/w1200/ts/product/e9/30/c8/ce6550db361713f1355a0b9ae7b9d637.jpg', 'Sách Không Gia Đình (Tái Bản) - Ảnh 4', 0, 3),
(18, 'https://salt.tikicdn.com/cache/280x280/ts/product/b7/b6/c0/d33a7aee187d144077ed3d25dd1f3bfe.jpg', 'Sách Xông vào lối âm dương - Ảnh 1', 1, 0),
(18, 'https://salt.tikicdn.com/cache/w1200/ts/product/b7/b6/c0/d33a7aee187d144077ed3d25dd1f3bfe.jpg', 'Sách Xông vào lối âm dương - Ảnh 2', 0, 1),
(19, 'https://salt.tikicdn.com/cache/280x280/ts/product/b1/ea/db/d39991c3cb5135b3da53452d2e495e48.jpg', 'Sách Trốn Lên Mái Nhà Để Khóc - Ảnh 1', 1, 0),
(19, 'https://salt.tikicdn.com/cache/w1200/ts/product/b1/ea/db/d39991c3cb5135b3da53452d2e495e48.jpg', 'Sách Trốn Lên Mái Nhà Để Khóc - Ảnh 2', 0, 1),
(19, 'https://salt.tikicdn.com/cache/w1200/ts/product/47/75/63/41dd61b9a49e8695b39e43a31e6d2150.jpg', 'Sách Trốn Lên Mái Nhà Để Khóc - Ảnh 3', 0, 2),
(20, 'https://salt.tikicdn.com/cache/280x280/ts/product/2f/8f/45/004a8ced0055821512397eeb6cdbb5b7.jpg', 'Sách Chiến tranh không có một khuôn mặt phụ nữ (Tái bản) - Ảnh 1', 1, 0),
(20, 'https://salt.tikicdn.com/cache/w1200/ts/product/2f/8f/45/004a8ced0055821512397eeb6cdbb5b7.jpg', 'Sách Chiến tranh không có một khuôn mặt phụ nữ (Tái bản) - Ảnh 2', 0, 1),
(20, 'https://salt.tikicdn.com/cache/w1200/ts/product/cf/82/96/5984ba7b8efbfb74f1d05c42ac89812f.png', 'Sách Chiến tranh không có một khuôn mặt phụ nữ (Tái bản) - Ảnh 3', 0, 2),
(20, 'https://salt.tikicdn.com/cache/w1200/ts/product/95/5f/bc/37bdd8c0f4805e710112cf8d164089b5.png', 'Sách Chiến tranh không có một khuôn mặt phụ nữ (Tái bản) - Ảnh 4', 0, 3);

-- Book Variants
INSERT INTO `book_variants` (`id`, `book_id`, `publisher_id`, `sku`, `cover_type`, `edition`, `price`, `compare_at_price`, `cover_image_url`, `thumbnail_url`, `is_active`) VALUES
(1, 1, 1, 'BOOK-00001-01', 'soft', NULL, 116250, 155000, 'https://salt.tikicdn.com/cache/280x280/ts/product/02/bb/c7/2f4d7e6c9803694adc40881d38fb5942.png', 'https://salt.tikicdn.com/cache/280x280/ts/product/02/bb/c7/2f4d7e6c9803694adc40881d38fb5942.png', 1),
(2, 1, 1, 'BOOK-00001-02', 'hard', NULL, 151125, 155000, 'https://salt.tikicdn.com/cache/280x280/ts/product/02/bb/c7/2f4d7e6c9803694adc40881d38fb5942.png', 'https://salt.tikicdn.com/cache/280x280/ts/product/02/bb/c7/2f4d7e6c9803694adc40881d38fb5942.png', 1),
(3, 2, 2, 'BOOK-00002-01', 'soft', NULL, 168000, 240000, 'https://salt.tikicdn.com/cache/280x280/ts/product/b1/cc/6c/ac23427ea10f159b8f580586ec9e00d8.jpg', 'https://salt.tikicdn.com/cache/280x280/ts/product/b1/cc/6c/ac23427ea10f159b8f580586ec9e00d8.jpg', 1),
(4, 2, 2, 'BOOK-00002-02', 'hard', NULL, 218400, 240000, 'https://salt.tikicdn.com/cache/280x280/ts/product/b1/cc/6c/ac23427ea10f159b8f580586ec9e00d8.jpg', 'https://salt.tikicdn.com/cache/280x280/ts/product/b1/cc/6c/ac23427ea10f159b8f580586ec9e00d8.jpg', 1),
(5, 3, 3, 'BOOK-00003-01', 'soft', NULL, 78750, 105000, 'https://salt.tikicdn.com/cache/280x280/ts/product/0e/48/42/7461470e8250a6a256af74cec0f876d7.jpg', 'https://salt.tikicdn.com/cache/280x280/ts/product/0e/48/42/7461470e8250a6a256af74cec0f876d7.jpg', 1),
(6, 4, 4, 'BOOK-00004-01', 'hard', NULL, 174000, 260000, 'https://salt.tikicdn.com/cache/280x280/ts/product/bc/73/e2/fb876045487c7574bb35583bab0136bb.jpg', 'https://salt.tikicdn.com/cache/280x280/ts/product/bc/73/e2/fb876045487c7574bb35583bab0136bb.jpg', 1),
(7, 5, 4, 'BOOK-00005-01', 'hard', NULL, 261000, 390000, 'https://salt.tikicdn.com/cache/280x280/ts/product/05/0c/09/37695b6c5c3d7e93fbe62c39e9cf0c08.jpg', 'https://salt.tikicdn.com/cache/280x280/ts/product/05/0c/09/37695b6c5c3d7e93fbe62c39e9cf0c08.jpg', 1),
(8, 6, 5, 'BOOK-00006-01', 'soft', NULL, 186750, 249000, 'https://salt.tikicdn.com/cache/280x280/ts/product/49/5d/a7/f4d2b17d18322cc2a672a354dfc7cd65.png', 'https://salt.tikicdn.com/cache/280x280/ts/product/49/5d/a7/f4d2b17d18322cc2a672a354dfc7cd65.png', 1),
(9, 7, 6, 'BOOK-00007-01', 'soft', NULL, 95400, 115000, 'https://salt.tikicdn.com/cache/280x280/ts/product/37/3f/5d/bfc5f35c7a35601eecac0c26b3bb30ab.jpg', 'https://salt.tikicdn.com/cache/280x280/ts/product/37/3f/5d/bfc5f35c7a35601eecac0c26b3bb30ab.jpg', 1),
(10, 8, 7, 'BOOK-00008-01', 'soft', NULL, 86000, 115000, 'https://salt.tikicdn.com/cache/280x280/ts/product/8d/dd/76/399dd35734df5ea5998df57e6fb3553b.png', 'https://salt.tikicdn.com/cache/280x280/ts/product/8d/dd/76/399dd35734df5ea5998df57e6fb3553b.png', 1),
(11, 8, 7, 'BOOK-00008-02', 'hard', NULL, 111800, 115000, 'https://salt.tikicdn.com/cache/280x280/ts/product/8d/dd/76/399dd35734df5ea5998df57e6fb3553b.png', 'https://salt.tikicdn.com/cache/280x280/ts/product/8d/dd/76/399dd35734df5ea5998df57e6fb3553b.png', 1),
(12, 9, 1, 'BOOK-00009-01', 'soft', NULL, 126300, 179000, 'https://salt.tikicdn.com/cache/280x280/ts/product/ce/69/06/a73a4b3a21acac63da7b73b7b4f2bde4.jpg', 'https://salt.tikicdn.com/cache/280x280/ts/product/ce/69/06/a73a4b3a21acac63da7b73b7b4f2bde4.jpg', 1),
(13, 10, 8, 'BOOK-00010-01', 'soft', NULL, 217000, 345000, 'https://salt.tikicdn.com/cache/280x280/ts/product/f3/52/e9/0924672f5a3326ed1d31c2b6eb39fbe0.png', 'https://salt.tikicdn.com/cache/280x280/ts/product/f3/52/e9/0924672f5a3326ed1d31c2b6eb39fbe0.png', 1),
(14, 11, 9, 'BOOK-00011-01', 'soft', NULL, 97200, 135000, 'https://salt.tikicdn.com/cache/280x280/ts/product/70/63/3d/c57040b46e074d49d9e2af573ecefd4e.jpg', 'https://salt.tikicdn.com/cache/280x280/ts/product/70/63/3d/c57040b46e074d49d9e2af573ecefd4e.jpg', 1),
(15, 11, 9, 'BOOK-00011-02', 'hard', NULL, 126360, 135000, 'https://salt.tikicdn.com/cache/280x280/ts/product/70/63/3d/c57040b46e074d49d9e2af573ecefd4e.jpg', 'https://salt.tikicdn.com/cache/280x280/ts/product/70/63/3d/c57040b46e074d49d9e2af573ecefd4e.jpg', 1),
(16, 12, 1, 'BOOK-00012-01', 'soft', NULL, 105000, 150000, 'https://salt.tikicdn.com/cache/280x280/ts/product/c2/70/32/99e77437eec46c061f07b04ac7fdc567.jpg', 'https://salt.tikicdn.com/cache/280x280/ts/product/c2/70/32/99e77437eec46c061f07b04ac7fdc567.jpg', 1),
(17, 13, 1, 'BOOK-00013-01', 'soft', NULL, 123600, 169000, 'https://salt.tikicdn.com/cache/280x280/ts/product/fb/7b/7c/302acd05b84476751ccbcbdd378088ae.jpg', 'https://salt.tikicdn.com/cache/280x280/ts/product/fb/7b/7c/302acd05b84476751ccbcbdd378088ae.jpg', 1),
(18, 14, 10, 'BOOK-00014-01', 'soft', NULL, 147000, 159000, 'https://salt.tikicdn.com/cache/280x280/ts/product/59/92/a4/4c31ce3a1455db2bc0e47d74742d2571.png', 'https://salt.tikicdn.com/cache/280x280/ts/product/59/92/a4/4c31ce3a1455db2bc0e47d74742d2571.png', 1),
(19, 14, 10, 'BOOK-00014-02', 'hard', NULL, 191100, NULL, 'https://salt.tikicdn.com/cache/280x280/ts/product/59/92/a4/4c31ce3a1455db2bc0e47d74742d2571.png', 'https://salt.tikicdn.com/cache/280x280/ts/product/59/92/a4/4c31ce3a1455db2bc0e47d74742d2571.png', 1),
(20, 15, 11, 'BOOK-00015-01', 'soft', NULL, 236600, 338000, 'https://salt.tikicdn.com/cache/280x280/ts/product/7b/84/1b/65f06182a27e9bf21cf46b8f131deb1a.jpg', 'https://salt.tikicdn.com/cache/280x280/ts/product/7b/84/1b/65f06182a27e9bf21cf46b8f131deb1a.jpg', 1),
(21, 16, 12, 'BOOK-00016-01', 'soft', NULL, 96000, 125000, 'https://salt.tikicdn.com/cache/280x280/ts/product/46/05/ce/05e54d4b786ed8ea78e80fefff1f60a8.jpg', 'https://salt.tikicdn.com/cache/280x280/ts/product/46/05/ce/05e54d4b786ed8ea78e80fefff1f60a8.jpg', 1),
(22, 17, 13, 'BOOK-00017-01', 'soft', NULL, 144000, 215000, 'https://salt.tikicdn.com/cache/280x280/ts/product/9f/f0/31/b72b4989a76010b9c48accee42a373d4.jpg', 'https://salt.tikicdn.com/cache/280x280/ts/product/9f/f0/31/b72b4989a76010b9c48accee42a373d4.jpg', 1),
(23, 18, 14, 'BOOK-00018-01', 'soft', NULL, 132000, 169000, 'https://salt.tikicdn.com/cache/280x280/ts/product/b7/b6/c0/d33a7aee187d144077ed3d25dd1f3bfe.jpg', 'https://salt.tikicdn.com/cache/280x280/ts/product/b7/b6/c0/d33a7aee187d144077ed3d25dd1f3bfe.jpg', 1),
(24, 18, 14, 'BOOK-00018-02', 'hard', NULL, 171600, NULL, 'https://salt.tikicdn.com/cache/280x280/ts/product/b7/b6/c0/d33a7aee187d144077ed3d25dd1f3bfe.jpg', 'https://salt.tikicdn.com/cache/280x280/ts/product/b7/b6/c0/d33a7aee187d144077ed3d25dd1f3bfe.jpg', 1),
(25, 19, 15, 'BOOK-00019-01', 'soft', NULL, 71250, 95000, 'https://salt.tikicdn.com/cache/280x280/ts/product/b1/ea/db/d39991c3cb5135b3da53452d2e495e48.jpg', 'https://salt.tikicdn.com/cache/280x280/ts/product/b1/ea/db/d39991c3cb5135b3da53452d2e495e48.jpg', 1),
(26, 20, 16, 'BOOK-00020-01', 'soft', NULL, 123000, 180000, 'https://salt.tikicdn.com/cache/280x280/ts/product/2f/8f/45/004a8ced0055821512397eeb6cdbb5b7.jpg', 'https://salt.tikicdn.com/cache/280x280/ts/product/2f/8f/45/004a8ced0055821512397eeb6cdbb5b7.jpg', 1);

-- Inventory
INSERT INTO `inventory` (`variant_id`, `quantity`, `reserved_quantity`, `min_stock_level`) VALUES
(1, 179, 2, 5),
(2, 88, 9, 5),
(3, 44, 5, 5),
(4, 152, 4, 5),
(5, 163, 6, 5),
(6, 162, 5, 5),
(7, 153, 0, 5),
(8, 132, 10, 5),
(9, 145, 8, 5),
(10, 82, 3, 5),
(11, 59, 3, 5),
(12, 180, 10, 5),
(13, 147, 8, 5),
(14, 136, 7, 5),
(15, 29, 3, 5),
(16, 51, 0, 5),
(17, 140, 10, 5),
(18, 65, 5, 5),
(19, 49, 8, 5),
(20, 138, 4, 5),
(21, 118, 9, 5),
(22, 33, 6, 5),
(23, 87, 4, 5),
(24, 135, 0, 5),
(25, 126, 4, 5),
(26, 140, 0, 5);

-- Customer Tiers
INSERT INTO `customer_tiers` (`id`, `name`, `min_spent`, `discount_percent`, `benefits`) VALUES (1, 'Bạc', 0, 0, 'Thành viên mới');
INSERT INTO `customer_tiers` (`id`, `name`, `min_spent`, `discount_percent`, `benefits`) VALUES (2, 'Vàng', 5000000, 5, 'Giảm 5% mọi đơn hàng');
INSERT INTO `customer_tiers` (`id`, `name`, `min_spent`, `discount_percent`, `benefits`) VALUES (3, 'Kim Cương', 20000000, 10, 'Giảm 10% + Freeship');

-- Provinces
INSERT INTO `provinces` (`code`, `name`) VALUES ('01', 'Hà Nội');
INSERT INTO `provinces` (`code`, `name`) VALUES ('79', 'TP. Hồ Chí Minh');
INSERT INTO `provinces` (`code`, `name`) VALUES ('48', 'Đà Nẵng');
INSERT INTO `provinces` (`code`, `name`) VALUES ('92', 'Cần Thơ');
INSERT INTO `provinces` (`code`, `name`) VALUES ('31', 'Hải Phòng');
INSERT INTO `provinces` (`code`, `name`) VALUES ('46', 'Thừa Thiên Huế');

-- Admins
INSERT INTO `admins` (`id`, `email`, `password_hash`, `full_name`, `role`, `is_active`) VALUES (1, 'admin@bookstore.vn', 'e86f78a8a3caf0b60d8e74e5942aa6d86dc150cd3c03338aef25b7d2d7e3acc7', 'Super Admin', 'super_admin', 1);
INSERT INTO `admins` (`id`, `email`, `password_hash`, `full_name`, `role`, `is_active`) VALUES (2, 'manager@bookstore.vn', 'e8392925a98c9c22795d1fc5d0dfee5b9a6943f6b768ec5a2a0c077e5ed119cf', 'Quản lý', 'admin', 1);
INSERT INTO `admins` (`id`, `email`, `password_hash`, `full_name`, `role`, `is_active`) VALUES (3, 'staff@bookstore.vn', 'dfd48f36338aa36228ebb9e204bba6b4e18db0b623e25c458901edc831fb18e9', 'Nhân viên', 'staff', 1);

-- Sample Users
INSERT INTO `users` (`id`, `email`, `phone`, `password_hash`, `full_name`, `tier_id`, `status`) VALUES (1, 'user1@gmail.com', '0901234567', '3e7c19576488862816f13b512cacf3e4ba97dd97243ea0bd6a2ad1642d86ba72', 'Nguyễn Văn A', 1, 'active');
INSERT INTO `users` (`id`, `email`, `phone`, `password_hash`, `full_name`, `tier_id`, `status`) VALUES (2, 'user2@gmail.com', '0912345678', '3e7c19576488862816f13b512cacf3e4ba97dd97243ea0bd6a2ad1642d86ba72', 'Trần Thị B', 2, 'active');
INSERT INTO `users` (`id`, `email`, `phone`, `password_hash`, `full_name`, `tier_id`, `status`) VALUES (3, 'user3@gmail.com', '0923456789', '3e7c19576488862816f13b512cacf3e4ba97dd97243ea0bd6a2ad1642d86ba72', 'Lê Văn C', 1, 'active');

-- Shipping Carriers
INSERT INTO `shipping_carriers` (`id`, `name`, `code`, `is_active`) VALUES (1, 'Giao Hàng Tiết Kiệm', 'GHTK', 1);
INSERT INTO `shipping_carriers` (`id`, `name`, `code`, `is_active`) VALUES (2, 'Giao Hàng Nhanh', 'GHN', 1);
INSERT INTO `shipping_carriers` (`id`, `name`, `code`, `is_active`) VALUES (3, 'Viettel Post', 'VTP', 1);
INSERT INTO `shipping_carriers` (`id`, `name`, `code`, `is_active`) VALUES (4, 'J&T Express', 'JT', 1);

-- Shipping Rates (Major Cities)
INSERT INTO `shipping_rates` (`id`, `carrier_id`, `province_code`, `province_name`, `base_fee`, `per_kg_fee`, `per_500g_fee`, `estimated_days_min`, `estimated_days_max`) VALUES (1, 1, '01', 'Hà Nội', 22000, 5000, 3000, 2, 5);
INSERT INTO `shipping_rates` (`id`, `carrier_id`, `province_code`, `province_name`, `base_fee`, `per_kg_fee`, `per_500g_fee`, `estimated_days_min`, `estimated_days_max`) VALUES (2, 1, '79', 'TP. Hồ Chí Minh', 18000, 5000, 3000, 2, 5);
INSERT INTO `shipping_rates` (`id`, `carrier_id`, `province_code`, `province_name`, `base_fee`, `per_kg_fee`, `per_500g_fee`, `estimated_days_min`, `estimated_days_max`) VALUES (3, 1, '48', 'Đà Nẵng', 30000, 5000, 3000, 2, 5);
INSERT INTO `shipping_rates` (`id`, `carrier_id`, `province_code`, `province_name`, `base_fee`, `per_kg_fee`, `per_500g_fee`, `estimated_days_min`, `estimated_days_max`) VALUES (4, 1, '92', 'Cần Thơ', 28000, 5000, 3000, 2, 5);
INSERT INTO `shipping_rates` (`id`, `carrier_id`, `province_code`, `province_name`, `base_fee`, `per_kg_fee`, `per_500g_fee`, `estimated_days_min`, `estimated_days_max`) VALUES (5, 2, '01', 'Hà Nội', 22000, 5000, 3000, 2, 5);
INSERT INTO `shipping_rates` (`id`, `carrier_id`, `province_code`, `province_name`, `base_fee`, `per_kg_fee`, `per_500g_fee`, `estimated_days_min`, `estimated_days_max`) VALUES (6, 2, '79', 'TP. Hồ Chí Minh', 18000, 5000, 3000, 2, 5);
INSERT INTO `shipping_rates` (`id`, `carrier_id`, `province_code`, `province_name`, `base_fee`, `per_kg_fee`, `per_500g_fee`, `estimated_days_min`, `estimated_days_max`) VALUES (7, 2, '48', 'Đà Nẵng', 30000, 5000, 3000, 2, 5);
INSERT INTO `shipping_rates` (`id`, `carrier_id`, `province_code`, `province_name`, `base_fee`, `per_kg_fee`, `per_500g_fee`, `estimated_days_min`, `estimated_days_max`) VALUES (8, 2, '92', 'Cần Thơ', 28000, 5000, 3000, 2, 5);
INSERT INTO `shipping_rates` (`id`, `carrier_id`, `province_code`, `province_name`, `base_fee`, `per_kg_fee`, `per_500g_fee`, `estimated_days_min`, `estimated_days_max`) VALUES (9, 3, '01', 'Hà Nội', 22000, 5000, 3000, 2, 5);
INSERT INTO `shipping_rates` (`id`, `carrier_id`, `province_code`, `province_name`, `base_fee`, `per_kg_fee`, `per_500g_fee`, `estimated_days_min`, `estimated_days_max`) VALUES (10, 3, '79', 'TP. Hồ Chí Minh', 18000, 5000, 3000, 2, 5);
INSERT INTO `shipping_rates` (`id`, `carrier_id`, `province_code`, `province_name`, `base_fee`, `per_kg_fee`, `per_500g_fee`, `estimated_days_min`, `estimated_days_max`) VALUES (11, 3, '48', 'Đà Nẵng', 30000, 5000, 3000, 2, 5);
INSERT INTO `shipping_rates` (`id`, `carrier_id`, `province_code`, `province_name`, `base_fee`, `per_kg_fee`, `per_500g_fee`, `estimated_days_min`, `estimated_days_max`) VALUES (12, 3, '92', 'Cần Thơ', 28000, 5000, 3000, 2, 5);
INSERT INTO `shipping_rates` (`id`, `carrier_id`, `province_code`, `province_name`, `base_fee`, `per_kg_fee`, `per_500g_fee`, `estimated_days_min`, `estimated_days_max`) VALUES (13, 4, '01', 'Hà Nội', 22000, 5000, 3000, 2, 5);
INSERT INTO `shipping_rates` (`id`, `carrier_id`, `province_code`, `province_name`, `base_fee`, `per_kg_fee`, `per_500g_fee`, `estimated_days_min`, `estimated_days_max`) VALUES (14, 4, '79', 'TP. Hồ Chí Minh', 18000, 5000, 3000, 2, 5);
INSERT INTO `shipping_rates` (`id`, `carrier_id`, `province_code`, `province_name`, `base_fee`, `per_kg_fee`, `per_500g_fee`, `estimated_days_min`, `estimated_days_max`) VALUES (15, 4, '48', 'Đà Nẵng', 30000, 5000, 3000, 2, 5);
INSERT INTO `shipping_rates` (`id`, `carrier_id`, `province_code`, `province_name`, `base_fee`, `per_kg_fee`, `per_500g_fee`, `estimated_days_min`, `estimated_days_max`) VALUES (16, 4, '92', 'Cần Thơ', 28000, 5000, 3000, 2, 5);

-- Vouchers
INSERT INTO `vouchers` (`id`, `code`, `name`, `discount_type`, `discount_value`, `max_discount`, `min_order_value`, `usage_limit`, `start_date`, `end_date`, `is_active`) VALUES (1, 'WELCOME10', 'Chào mừng thành viên mới', 'percent', 10, 50000, 100000, 1000, NOW(), '2026-04-30 23:17:06', 1);
INSERT INTO `vouchers` (`id`, `code`, `name`, `discount_type`, `discount_value`, `max_discount`, `min_order_value`, `usage_limit`, `start_date`, `end_date`, `is_active`) VALUES (2, 'SALE20', 'Giảm 20%', 'percent', 20, 100000, 200000, 1000, NOW(), '2026-04-30 23:17:06', 1);
INSERT INTO `vouchers` (`id`, `code`, `name`, `discount_type`, `discount_value`, `max_discount`, `min_order_value`, `usage_limit`, `start_date`, `end_date`, `is_active`) VALUES (3, 'FREESHIP', 'Miễn phí ship', 'fixed', 30000, 30000, 150000, 1000, NOW(), '2026-04-30 23:17:06', 1);

SET FOREIGN_KEY_CHECKS = 1;

-- ============================================================
-- CRAWL COMPLETE: 20 books from Tiki.vn
-- ============================================================
-- ✅ Compatible with database_optimizations.sql
-- ✅ Triggers will auto-update: avg_rating, sold_count, inventory
-- ✅ Use stored procedures: sp_get_bestsellers(), sp_check_stock_availability()
-- ============================================================